"Product","SubCategory","Category","OrderDate","SalesAmount","Freight","Country","City","PostalCode"
"Mountain-200 Black, 42","Mountain Bikes","Bikes","2015-01-31 00:00:00","2294.9900","57.3748","Germany","Berlin","14111"
"Mountain-500 Black, 48","Mountain Bikes","Bikes","2015-01-31 00:00:00","539.9900","13.4998","Germany","Solingen","42651"
"Road-250 Black, 48","Road Bikes","Bikes","2015-01-31 00:00:00","2443.3500","61.0838","United States","West Covina","91791"
"Mountain-500 Silver, 52","Mountain Bikes","Bikes","2015-01-31 00:00:00","564.9900","14.1248","United States","Bellflower","90706"
"Mountain-500 Black, 44","Mountain Bikes","Bikes","2015-01-31 00:00:00","539.9900","13.4998","United States","Lakewood","90712"
"Touring-3000 Blue, 50","Touring Bikes","Bikes","2015-01-31 00:00:00","742.3500","18.5588","Germany","Saarbr?cken","66001"
"Touring-3000 Yellow, 62","Touring Bikes","Bikes","2015-01-31 00:00:00","742.3500","18.5588","Germany","Hamburg","20354"
"Touring-3000 Blue, 58","Touring Bikes","Bikes","2015-01-31 00:00:00","742.3500","18.5588","France","Courbevoie","92400"
"Touring-2000 Blue, 46","Touring Bikes","Bikes","2015-01-31 00:00:00","1214.8500","30.3713","France","Pantin","93500"
"Road-350-W Yellow, 40","Road Bikes","Bikes","2015-01-31 00:00:00","1700.9900","42.5248","Australia","Gold Coast","4217"
"Road-550-W Yellow, 38","Road Bikes","Bikes","2015-01-31 00:00:00","1120.4900","28.0123","Australia","Goulburn","2580"
"Road-550-W Yellow, 48","Road Bikes","Bikes","2015-01-31 00:00:00","1120.4900","28.0123","Australia","North Sydney","2055"
"Road-550-W Yellow, 38","Road Bikes","Bikes","2015-01-31 00:00:00","1120.4900","28.0123","Australia","Port Macquarie","2444"
"Road-550-W Yellow, 38","Road Bikes","Bikes","2015-01-31 00:00:00","1120.4900","28.0123","Australia","North Ryde","2113"
"Mountain-200 Silver, 46","Mountain Bikes","Bikes","2015-01-31 00:00:00","2319.9900","57.9998","Australia","Goulburn","2580"
"Mountain-200 Silver, 38","Mountain Bikes","Bikes","2015-01-31 00:00:00","2319.9900","57.9998","Australia","Melton","3337"
"Mountain-200 Silver, 38","Mountain Bikes","Bikes","2015-01-31 00:00:00","2319.9900","57.9998","Australia","Sunbury","3429"
"Touring-1000 Yellow, 60","Touring Bikes","Bikes","2015-01-31 00:00:00","2384.0700","59.6018","United States","Coronado","92118"
"Road-550-W Yellow, 38","Road Bikes","Bikes","2015-01-31 00:00:00","1120.4900","28.0123","United States","Palo Alto","94303"
"Road-550-W Yellow, 48","Road Bikes","Bikes","2015-01-31 00:00:00","1120.4900","28.0123","Germany","Hamburg","20354"
"Road-750 Black, 44","Road Bikes","Bikes","2015-01-31 00:00:00","539.9900","13.4998","France","Paris","75003"
"Touring-1000 Yellow, 60","Touring Bikes","Bikes","2015-01-31 00:00:00","2384.0700","59.6018","Australia","North Sydney","2055"
"Touring-1000 Blue, 50","Touring Bikes","Bikes","2015-01-31 00:00:00","2384.0700","59.6018","Australia","Malabar","2036"
"Road-750 Black, 52","Road Bikes","Bikes","2015-01-31 00:00:00","539.9900","13.4998","Australia","South Melbourne","3205"
"Road-750 Black, 52","Road Bikes","Bikes","2015-01-31 00:00:00","539.9900","13.4998","Australia","Bendigo","3550"
"Mountain-400-W Silver, 42","Mountain Bikes","Bikes","2015-01-30 00:00:00","769.4900","19.2373","Germany","Werne","59368"
"Mountain-200 Black, 38","Mountain Bikes","Bikes","2015-01-30 00:00:00","2294.9900","57.3748","France","Pantin","93500"
"Mountain-200 Black, 46","Mountain Bikes","Bikes","2015-01-30 00:00:00","2294.9900","57.3748","France","Paris La Defense","92081"
"Mountain-200 Black, 46","Mountain Bikes","Bikes","2015-01-30 00:00:00","2294.9900","57.3748","Germany","Duesseldorf","40434"
"Mountain-200 Black, 42","Mountain Bikes","Bikes","2015-01-30 00:00:00","2294.9900","57.3748","United States","Issaquah","98027"
"Mountain-200 Silver, 42","Mountain Bikes","Bikes","2015-01-30 00:00:00","2319.9900","57.9998","United States","Milwaukie","97222"
"Mountain-200 Silver, 42","Mountain Bikes","Bikes","2015-01-30 00:00:00","2319.9900","57.9998","United States","Bell Gardens","90201"
"Mountain-200 Black, 42","Mountain Bikes","Bikes","2015-01-30 00:00:00","2294.9900","57.3748","Canada","Cliffside","V8Y 1L1"
"Mountain-200 Black, 38","Mountain Bikes","Bikes","2015-01-30 00:00:00","2294.9900","57.3748","United States","Yakima","98901"
"Touring-1000 Yellow, 46","Touring Bikes","Bikes","2015-01-30 00:00:00","2384.0700","59.6018","Germany","Hamburg","20354"
"Touring-2000 Blue, 54","Touring Bikes","Bikes","2015-01-30 00:00:00","1214.8500","30.3713","Germany","Hamburg","20354"
"Touring-3000 Blue, 54","Touring Bikes","Bikes","2015-01-30 00:00:00","742.3500","18.5588","United States","Bremerton","98312"
"Touring-3000 Yellow, 54","Touring Bikes","Bikes","2015-01-30 00:00:00","742.3500","18.5588","United States","Santa Cruz","95062"
"Touring-1000 Yellow, 46","Touring Bikes","Bikes","2015-01-30 00:00:00","2384.0700","59.6018","United States","Burlingame","94010"
"Touring-1000 Yellow, 54","Touring Bikes","Bikes","2015-01-30 00:00:00","2384.0700","59.6018","United States","Long Beach","90802"
"Touring-1000 Yellow, 54","Touring Bikes","Bikes","2015-01-30 00:00:00","2384.0700","59.6018","United States","Lynnwood","98036"
"Road-750 Black, 52","Road Bikes","Bikes","2015-01-30 00:00:00","539.9900","13.4998","United States","Portland","97205"
"Road-550-W Yellow, 48","Road Bikes","Bikes","2015-01-30 00:00:00","1120.4900","28.0123","United States","Chula Vista","91910"
"Road-350-W Yellow, 42","Road Bikes","Bikes","2015-01-30 00:00:00","1700.9900","42.5248","United States","Kirkland","98033"
"Touring-1000 Blue, 50","Touring Bikes","Bikes","2015-01-30 00:00:00","2384.0700","59.6018","Germany","Leipzig","04139"
"Touring-1000 Blue, 60","Touring Bikes","Bikes","2015-01-30 00:00:00","2384.0700","59.6018","Australia","Hobart","7001"
"Road-750 Black, 44","Road Bikes","Bikes","2015-01-30 00:00:00","539.9900","13.4998","Australia","Newcastle","2300"
"Road-750 Black, 48","Road Bikes","Bikes","2015-01-30 00:00:00","539.9900","13.4998","Australia","Brisbane","4000"
"Mountain-500 Black, 44","Mountain Bikes","Bikes","2015-01-29 00:00:00","539.9900","13.4998","United Kingdom","Woolston","WA1 4SY"
"Mountain-500 Black, 52","Mountain Bikes","Bikes","2015-01-29 00:00:00","539.9900","13.4998","United Kingdom","Oxon","OX16 8RS"
"Road-250 Black, 44","Road Bikes","Bikes","2015-01-29 00:00:00","2443.3500","61.0838","United Kingdom","Birmingham","B29 6SL"
"Road-250 Red, 58","Road Bikes","Bikes","2015-01-29 00:00:00","2443.3500","61.0838","Germany","Offenbach","63009"
"Mountain-400-W Silver, 38","Mountain Bikes","Bikes","2015-01-29 00:00:00","769.4900","19.2373","France","Chatou","78400"
"Mountain-400-W Silver, 42","Mountain Bikes","Bikes","2015-01-29 00:00:00","769.4900","19.2373","France","Boulogne-sur-Mer","62200"
"Mountain-400-W Silver, 38","Mountain Bikes","Bikes","2015-01-29 00:00:00","769.4900","19.2373","Canada","Cliffside","V8Y 1L1"
"Mountain-200 Silver, 46","Mountain Bikes","Bikes","2015-01-29 00:00:00","2319.9900","57.9998","United States","Redwood City","94063"
"Mountain-200 Silver, 42","Mountain Bikes","Bikes","2015-01-29 00:00:00","2319.9900","57.9998","United States","Bremerton","98312"
"Mountain-200 Black, 38","Mountain Bikes","Bikes","2015-01-29 00:00:00","2294.9900","57.3748","United States","Bellflower","90706"
"Mountain-200 Black, 38","Mountain Bikes","Bikes","2015-01-29 00:00:00","2294.9900","57.3748","Canada","Burnaby","V3J 6Z3"
"Mountain-200 Silver, 46","Mountain Bikes","Bikes","2015-01-29 00:00:00","2319.9900","57.9998","United States","Lake Oswego","97034"
"Touring-1000 Yellow, 50","Touring Bikes","Bikes","2015-01-29 00:00:00","2384.0700","59.6018","Germany","Hamburg","22001"
"Touring-2000 Blue, 54","Touring Bikes","Bikes","2015-01-29 00:00:00","1214.8500","30.3713","France","Tremblay-en-France","93290"
"Road-350-W Yellow, 42","Road Bikes","Bikes","2015-01-29 00:00:00","1700.9900","42.5248","Australia","Wollongong","2500"
"Road-350-W Yellow, 48","Road Bikes","Bikes","2015-01-29 00:00:00","1700.9900","42.5248","Australia","Matraville","2036"
"Road-250 Black, 58","Road Bikes","Bikes","2015-01-29 00:00:00","2443.3500","61.0838","Australia","Springwood","2777"
"Road-550-W Yellow, 44","Road Bikes","Bikes","2015-01-29 00:00:00","1120.4900","28.0123","Australia","Findon","5023"
"Road-750 Black, 52","Road Bikes","Bikes","2015-01-29 00:00:00","539.9900","13.4998","United States","Berkeley","94704"
"Road-750 Black, 52","Road Bikes","Bikes","2015-01-29 00:00:00","539.9900","13.4998","United States","Woodland Hills","91364"
"Road-750 Black, 58","Road Bikes","Bikes","2015-01-29 00:00:00","539.9900","13.4998","United States","Berkeley","94704"
"Road-350-W Yellow, 42","Road Bikes","Bikes","2015-01-29 00:00:00","1700.9900","42.5248","United States","Berkeley","94704"
"Road-350-W Yellow, 42","Road Bikes","Bikes","2015-01-29 00:00:00","1700.9900","42.5248","Canada","Metchosin","V9"
"Road-750 Black, 48","Road Bikes","Bikes","2015-01-29 00:00:00","539.9900","13.4998","France","Paris","75013"
"Mountain-400-W Silver, 38","Mountain Bikes","Bikes","2015-01-29 00:00:00","769.4900","19.2373","Australia","Malabar","2036"
"Road-750 Black, 58","Road Bikes","Bikes","2015-01-29 00:00:00","539.9900","13.4998","Australia","East Brisbane","4169"
"Road-750 Black, 52","Road Bikes","Bikes","2015-01-29 00:00:00","539.9900","13.4998","Australia","Hobart","7001"
"Road-750 Black, 48","Road Bikes","Bikes","2015-01-29 00:00:00","539.9900","13.4998","Australia","Springwood","2777"
"Road-250 Black, 48","Road Bikes","Bikes","2015-01-28 00:00:00","2443.3500","61.0838","Germany","Neunkirchen","66578"
"Mountain-200 Silver, 38","Mountain Bikes","Bikes","2015-01-28 00:00:00","2319.9900","57.9998","France","Roncq","59223"
"Mountain-200 Silver, 38","Mountain Bikes","Bikes","2015-01-28 00:00:00","2319.9900","57.9998","Germany","Kassel","34117"
"Mountain-400-W Silver, 46","Mountain Bikes","Bikes","2015-01-28 00:00:00","769.4900","19.2373","Canada","Langford","V9"
"Mountain-200 Black, 46","Mountain Bikes","Bikes","2015-01-28 00:00:00","2294.9900","57.3748","United States","Burlingame","94010"
"Mountain-200 Silver, 46","Mountain Bikes","Bikes","2015-01-28 00:00:00","2319.9900","57.9998","United States","San Gabriel","91776"
"Mountain-200 Silver, 38","Mountain Bikes","Bikes","2015-01-28 00:00:00","2319.9900","57.9998","United States","Santa Cruz","95062"
"Touring-1000 Yellow, 50","Touring Bikes","Bikes","2015-01-28 00:00:00","2384.0700","59.6018","United Kingdom","Stoke-on-Trent","AS23"
"Touring-1000 Blue, 54","Touring Bikes","Bikes","2015-01-28 00:00:00","2384.0700","59.6018","United Kingdom","Milton Keynes","MK8 8ZD"
"Touring-1000 Blue, 60","Touring Bikes","Bikes","2015-01-28 00:00:00","2384.0700","59.6018","Germany","Dresden","01071"
"Road-350-W Yellow, 48","Road Bikes","Bikes","2015-01-28 00:00:00","1700.9900","42.5248","Australia","Malabar","2036"
"Road-250 Red, 58","Road Bikes","Bikes","2015-01-28 00:00:00","2443.3500","61.0838","Australia","Sunbury","3429"
"Road-250 Black, 52","Road Bikes","Bikes","2015-01-28 00:00:00","2443.3500","61.0838","Australia","Sunbury","3429"
"Mountain-200 Black, 46","Mountain Bikes","Bikes","2015-01-28 00:00:00","2294.9900","57.3748","Australia","North Sydney","2055"
"Mountain-200 Black, 38","Mountain Bikes","Bikes","2015-01-28 00:00:00","2294.9900","57.3748","Australia","Coffs Harbour","2450"
"Mountain-200 Black, 38","Mountain Bikes","Bikes","2015-01-28 00:00:00","2294.9900","57.3748","Australia","Wollongong","2500"
"Mountain-200 Black, 38","Mountain Bikes","Bikes","2015-01-28 00:00:00","2294.9900","57.3748","Australia","Wollongong","2500"
"Touring-1000 Yellow, 60","Touring Bikes","Bikes","2015-01-28 00:00:00","2384.0700","59.6018","United States","Bellflower","90706"
"Road-750 Black, 44","Road Bikes","Bikes","2015-01-28 00:00:00","539.9900","13.4998","United States","El Cajon","92020"
"Road-750 Black, 44","Road Bikes","Bikes","2015-01-28 00:00:00","539.9900","13.4998","United States","Spokane","99202"
"Road-550-W Yellow, 40","Road Bikes","Bikes","2015-01-28 00:00:00","1120.4900","28.0123","United States","Newport Beach","92625"
"Road-550-W Yellow, 40","Road Bikes","Bikes","2015-01-28 00:00:00","1120.4900","28.0123","United States","Lemon Grove","91945"
"Road-550-W Yellow, 42","Road Bikes","Bikes","2015-01-28 00:00:00","1120.4900","28.0123","Canada","Royal Oak","V8X"
"Road-350-W Yellow, 40","Road Bikes","Bikes","2015-01-28 00:00:00","1700.9900","42.5248","United States","Bellingham","98225"
"Road-750 Black, 58","Road Bikes","Bikes","2015-01-28 00:00:00","539.9900","13.4998","United Kingdom","Warrington","WA1"
"Road-750 Black, 58","Road Bikes","Bikes","2015-01-28 00:00:00","539.9900","13.4998","Germany","Erlangen","91054"
"Touring-1000 Blue, 50","Touring Bikes","Bikes","2015-01-28 00:00:00","2384.0700","59.6018","Germany","Neunkirchen","66578"
"Road-250 Red, 58","Road Bikes","Bikes","2015-01-27 00:00:00","2443.3500","61.0838","Germany","Frankfurt","60323"
"Mountain-200 Silver, 46","Mountain Bikes","Bikes","2015-01-27 00:00:00","2319.9900","57.9998","Germany","Bonn","53001"
"Mountain-200 Black, 38","Mountain Bikes","Bikes","2015-01-27 00:00:00","2294.9900","57.3748","United Kingdom","London","EC1R 0DU"
"Mountain-200 Silver, 42","Mountain Bikes","Bikes","2015-01-27 00:00:00","2319.9900","57.9998","France","Paris","75006"
"Mountain-400-W Silver, 42","Mountain Bikes","Bikes","2015-01-27 00:00:00","769.4900","19.2373","United States","W. Linn","97068"
"Mountain-400-W Silver, 40","Mountain Bikes","Bikes","2015-01-27 00:00:00","769.4900","19.2373","United States","Everett","98201"
"Mountain-500 Silver, 42","Mountain Bikes","Bikes","2015-01-27 00:00:00","564.9900","14.1248","Canada","Vancouver","V7L 4J4"
"Mountain-200 Black, 38","Mountain Bikes","Bikes","2015-01-27 00:00:00","2294.9900","57.3748","United States","Spokane","99202"
"Mountain-200 Silver, 46","Mountain Bikes","Bikes","2015-01-27 00:00:00","2319.9900","57.9998","United States","La Jolla","92806"
"Mountain-200 Black, 38","Mountain Bikes","Bikes","2015-01-27 00:00:00","2294.9900","57.3748","United States","Issaquah","98027"
"Mountain-200 Silver, 38","Mountain Bikes","Bikes","2015-01-27 00:00:00","2319.9900","57.9998","United States","Renton","98055"
"Mountain-200 Silver, 42","Mountain Bikes","Bikes","2015-01-27 00:00:00","2319.9900","57.9998","United States","Issaquah","98027"
"Road-250 Black, 48","Road Bikes","Bikes","2015-01-27 00:00:00","2443.3500","61.0838","Australia","East Brisbane","4169"
"Road-250 Black, 58","Road Bikes","Bikes","2015-01-27 00:00:00","2443.3500","61.0838","Australia","Silverwater","2264"
"Road-250 Black, 48","Road Bikes","Bikes","2015-01-27 00:00:00","2443.3500","61.0838","Australia","Cloverdale","6105"
"Road-550-W Yellow, 44","Road Bikes","Bikes","2015-01-27 00:00:00","1120.4900","28.0123","Australia","Goulburn","2580"
"Mountain-500 Black, 40","Mountain Bikes","Bikes","2015-01-27 00:00:00","539.9900","13.4998","Australia","Hobart","7001"
"Mountain-200 Silver, 38","Mountain Bikes","Bikes","2015-01-27 00:00:00","2319.9900","57.9998","Australia","Warrnambool","3280"
"Mountain-200 Black, 38","Mountain Bikes","Bikes","2015-01-27 00:00:00","2294.9900","57.3748","Australia","Sydney","1002"
"Touring-2000 Blue, 50","Touring Bikes","Bikes","2015-01-27 00:00:00","1214.8500","30.3713","United States","Lebanon","97355"
"Touring-1000 Yellow, 50","Touring Bikes","Bikes","2015-01-27 00:00:00","2384.0700","59.6018","Canada","Langley","V3A 4R2"
"Road-550-W Yellow, 38","Road Bikes","Bikes","2015-01-27 00:00:00","1120.4900","28.0123","Canada","Langford","V9"
"Road-550-W Yellow, 38","Road Bikes","Bikes","2015-01-27 00:00:00","1120.4900","28.0123","Germany","Saarlouis","66740"
"Road-750 Black, 52","Road Bikes","Bikes","2015-01-27 00:00:00","539.9900","13.4998","United Kingdom","London","SW8 4BG"
"Touring-1000 Yellow, 50","Touring Bikes","Bikes","2015-01-27 00:00:00","2384.0700","59.6018","France","Paris","75002"
"Touring-1000 Yellow, 46","Touring Bikes","Bikes","2015-01-27 00:00:00","2384.0700","59.6018","United Kingdom","Runcorn","TY31"
"Touring-1000 Yellow, 60","Touring Bikes","Bikes","2015-01-27 00:00:00","2384.0700","59.6018","Australia","North Ryde","2113"
"Road-750 Black, 44","Road Bikes","Bikes","2015-01-27 00:00:00","539.9900","13.4998","Australia","Coffs Harbour","2450"
"Road-350-W Yellow, 48","Road Bikes","Bikes","2015-01-26 00:00:00","1700.9900","42.5248","United Kingdom","Newcastle upon Tyne","NT20"
"Road-350-W Yellow, 48","Road Bikes","Bikes","2015-01-26 00:00:00","1700.9900","42.5248","France","Versailles","78000"
"Road-350-W Yellow, 48","Road Bikes","Bikes","2015-01-26 00:00:00","1700.9900","42.5248","France","Dunkerque","59140"
"Road-350-W Yellow, 44","Road Bikes","Bikes","2015-01-26 00:00:00","1700.9900","42.5248","Germany","Essen","45001"
"Road-250 Red, 58","Road Bikes","Bikes","2015-01-26 00:00:00","2443.3500","61.0838","United Kingdom","Newcastle upon Tyne","NT20"
"Mountain-400-W Silver, 38","Mountain Bikes","Bikes","2015-01-26 00:00:00","769.4900","19.2373","France","Villeneuve-d'Ascq","59491"
"Mountain-200 Silver, 42","Mountain Bikes","Bikes","2015-01-26 00:00:00","2319.9900","57.9998","United Kingdom","London","SW6 SBY"
"Mountain-200 Black, 38","Mountain Bikes","Bikes","2015-01-26 00:00:00","2294.9900","57.3748","Germany","Ingolstadt","85049"
"Mountain-200 Black, 42","Mountain Bikes","Bikes","2015-01-26 00:00:00","2294.9900","57.3748","United Kingdom","Wokingham","RG41 1QW"
"Mountain-500 Silver, 52","Mountain Bikes","Bikes","2015-01-26 00:00:00","564.9900","14.1248","United States","Burien","98168"
"Mountain-500 Black, 48","Mountain Bikes","Bikes","2015-01-26 00:00:00","539.9900","13.4998","Canada","Langford","V9"
"Mountain-200 Silver, 38","Mountain Bikes","Bikes","2015-01-26 00:00:00","2319.9900","57.9998","United States","Lemon Grove","91945"
"Mountain-200 Silver, 46","Mountain Bikes","Bikes","2015-01-26 00:00:00","2319.9900","57.9998","United States","Issaquah","98027"
"Road-250 Black, 58","Road Bikes","Bikes","2015-01-26 00:00:00","2443.3500","61.0838","Australia","Hobart","7001"
"Mountain-500 Black, 44","Mountain Bikes","Bikes","2015-01-26 00:00:00","539.9900","13.4998","Australia","Caloundra","4551"
"Mountain-200 Silver, 42","Mountain Bikes","Bikes","2015-01-26 00:00:00","2319.9900","57.9998","Australia","Warrnambool","3280"
"Mountain-200 Silver, 46","Mountain Bikes","Bikes","2015-01-26 00:00:00","2319.9900","57.9998","Australia","Lane Cove","1597"
"Road-750 Black, 58","Road Bikes","Bikes","2015-01-26 00:00:00","539.9900","13.4998","United States","Santa Cruz","95062"
"Road-350-W Yellow, 40","Road Bikes","Bikes","2015-01-26 00:00:00","1700.9900","42.5248","United States","La Jolla","92806"
"Road-550-W Yellow, 42","Road Bikes","Bikes","2015-01-26 00:00:00","1120.4900","28.0123","United Kingdom","Maidenhead","SL67RJ"
"Road-750 Black, 52","Road Bikes","Bikes","2015-01-26 00:00:00","539.9900","13.4998","France","Tremblay-en-France","93290"
"Road-750 Black, 48","Road Bikes","Bikes","2015-01-26 00:00:00","539.9900","13.4998","Germany","Hamburg","22001"
"Touring-1000 Blue, 54","Touring Bikes","Bikes","2015-01-26 00:00:00","2384.0700","59.6018","Australia","Gold Coast","4217"
"Touring-3000 Blue, 44","Touring Bikes","Bikes","2015-01-26 00:00:00","742.3500","18.5588","Australia","Seaford","3198"
"Touring-3000 Blue, 44","Touring Bikes","Bikes","2015-01-26 00:00:00","742.3500","18.5588","Australia","Malabar","2036"
"Touring-1000 Blue, 50","Touring Bikes","Bikes","2015-01-26 00:00:00","2384.0700","59.6018","Australia","Matraville","2036"
"Road-750 Black, 58","Road Bikes","Bikes","2015-01-26 00:00:00","539.9900","13.4998","Australia","Port Macquarie","2444"
"Mountain-500 Silver, 42","Mountain Bikes","Bikes","2015-01-25 00:00:00","564.9900","14.1248","United Kingdom","Leeds","LE18"
"Road-250 Black, 58","Road Bikes","Bikes","2015-01-25 00:00:00","2443.3500","61.0838","France","Roubaix","59100"
"Mountain-200 Black, 46","Mountain Bikes","Bikes","2015-01-25 00:00:00","2294.9900","57.3748","Germany","Darmstadt","64283"
"Mountain-200 Silver, 38","Mountain Bikes","Bikes","2015-01-25 00:00:00","2319.9900","57.9998","United States","Bremerton","98312"
"Mountain-200 Black, 38","Mountain Bikes","Bikes","2015-01-25 00:00:00","2294.9900","57.3748","United States","Santa Cruz","95062"
"Touring-1000 Blue, 54","Touring Bikes","Bikes","2015-01-25 00:00:00","2384.0700","59.6018","United Kingdom","Oxon","OX16 8RS"
"Road-350-W Yellow, 44","Road Bikes","Bikes","2015-01-25 00:00:00","1700.9900","42.5248","Australia","St. Leonards","2065"
"Mountain-200 Silver, 42","Mountain Bikes","Bikes","2015-01-25 00:00:00","2319.9900","57.9998","Australia","Cloverdale","6105"
"Touring-1000 Yellow, 60","Touring Bikes","Bikes","2015-01-25 00:00:00","2384.0700","59.6018","Canada","Westminster","V3L 1E7"
"Touring-1000 Yellow, 54","Touring Bikes","Bikes","2015-01-25 00:00:00","2384.0700","59.6018","United States","Redwood City","94063"
"Touring-1000 Yellow, 46","Touring Bikes","Bikes","2015-01-25 00:00:00","2384.0700","59.6018","United States","El Cajon","92020"
"Road-750 Black, 52","Road Bikes","Bikes","2015-01-25 00:00:00","539.9900","13.4998","United States","Walla Walla","99362"
"Road-750 Black, 52","Road Bikes","Bikes","2015-01-25 00:00:00","539.9900","13.4998","United States","Spring Valley","91977"
"Road-750 Black, 44","Road Bikes","Bikes","2015-01-25 00:00:00","539.9900","13.4998","Canada","Vancouver","V7L 4J4"
"Road-550-W Yellow, 38","Road Bikes","Bikes","2015-01-25 00:00:00","1120.4900","28.0123","Canada","Sooke","V0"
"Road-550-W Yellow, 42","Road Bikes","Bikes","2015-01-25 00:00:00","1120.4900","28.0123","France","Paris","75009"
"Road-750 Black, 48","Road Bikes","Bikes","2015-01-25 00:00:00","539.9900","13.4998","United Kingdom","Kirkby","KB9"
"Touring-3000 Yellow, 44","Touring Bikes","Bikes","2015-01-25 00:00:00","742.3500","18.5588","Australia","Perth","6006"
"Touring-1000 Yellow, 50","Touring Bikes","Bikes","2015-01-25 00:00:00","2384.0700","59.6018","Australia","Warrnambool","3280"
"Road-350-W Yellow, 42","Road Bikes","Bikes","2015-01-24 00:00:00","1700.9900","42.5248","United Kingdom","Cheltenham","GL50"
"Mountain-500 Black, 52","Mountain Bikes","Bikes","2015-01-24 00:00:00","539.9900","13.4998","France","Saint Ouen","17490"
"Road-350-W Yellow, 44","Road Bikes","Bikes","2015-01-24 00:00:00","1700.9900","42.5248","Germany","Werne","59368"
"Mountain-200 Silver, 46","Mountain Bikes","Bikes","2015-01-24 00:00:00","2319.9900","57.9998","Germany","Neunkirchen","66578"
"Mountain-200 Silver, 38","Mountain Bikes","Bikes","2015-01-24 00:00:00","2319.9900","57.9998","United Kingdom","Watford","WA3"
"Mountain-200 Black, 42","Mountain Bikes","Bikes","2015-01-24 00:00:00","2294.9900","57.3748","United States","Everett","98201"
"Mountain-200 Black, 38","Mountain Bikes","Bikes","2015-01-24 00:00:00","2294.9900","57.3748","United States","Woodland Hills","91364"
"Mountain-200 Silver, 38","Mountain Bikes","Bikes","2015-01-24 00:00:00","2319.9900","57.9998","Canada","Vancouver","V7L 4J4"
"Mountain-200 Black, 46","Mountain Bikes","Bikes","2015-01-24 00:00:00","2294.9900","57.3748","United States","Corvallis","97330"
"Mountain-200 Silver, 38","Mountain Bikes","Bikes","2015-01-24 00:00:00","2319.9900","57.9998","United States","Woodburn","97071"
"Touring-1000 Yellow, 46","Touring Bikes","Bikes","2015-01-24 00:00:00","2384.0700","59.6018","United Kingdom","Oxford","OX1"
"Touring-1000 Yellow, 60","Touring Bikes","Bikes","2015-01-24 00:00:00","2384.0700","59.6018","Germany","M?nchen","80074"
"Road-350-W Yellow, 40","Road Bikes","Bikes","2015-01-24 00:00:00","1700.9900","42.5248","Australia","Cloverdale","6105"
"Road-250 Black, 58","Road Bikes","Bikes","2015-01-24 00:00:00","2443.3500","61.0838","Australia","Hobart","7001"
"Road-250 Red, 58","Road Bikes","Bikes","2015-01-24 00:00:00","2443.3500","61.0838","Australia","Lane Cove","1597"
"Road-250 Black, 58","Road Bikes","Bikes","2015-01-24 00:00:00","2443.3500","61.0838","Australia","Perth","6006"
"Road-250 Black, 52","Road Bikes","Bikes","2015-01-24 00:00:00","2443.3500","61.0838","Australia","Matraville","2036"
"Road-550-W Yellow, 38","Road Bikes","Bikes","2015-01-24 00:00:00","1120.4900","28.0123","Australia","Cloverdale","6105"
"Mountain-200 Black, 46","Mountain Bikes","Bikes","2015-01-24 00:00:00","2294.9900","57.3748","Australia","Milsons Point","2061"
"Mountain-200 Black, 38","Mountain Bikes","Bikes","2015-01-24 00:00:00","2294.9900","57.3748","Australia","North Ryde","2113"
"Mountain-200 Black, 42","Mountain Bikes","Bikes","2015-01-24 00:00:00","2294.9900","57.3748","Australia","Lane Cove","1597"
"Touring-2000 Blue, 60","Touring Bikes","Bikes","2015-01-24 00:00:00","1214.8500","30.3713","United States","Newport Beach","92625"
"Touring-3000 Blue, 44","Touring Bikes","Bikes","2015-01-24 00:00:00","742.3500","18.5588","United States","Chula Vista","91910"
"Touring-1000 Blue, 54","Touring Bikes","Bikes","2015-01-24 00:00:00","2384.0700","59.6018","United States","Lincoln Acres","91950"
"Touring-1000 Yellow, 54","Touring Bikes","Bikes","2015-01-24 00:00:00","2384.0700","59.6018","United States","Burbank","91502"
"Touring-1000 Yellow, 46","Touring Bikes","Bikes","2015-01-24 00:00:00","2384.0700","59.6018","Canada","Westminster","V3L 1H4"
"Road-750 Black, 44","Road Bikes","Bikes","2015-01-24 00:00:00","539.9900","13.4998","United States","Issaquah","98027"
"Road-750 Black, 58","Road Bikes","Bikes","2015-01-24 00:00:00","539.9900","13.4998","Canada","Calgary","T2P 2G8"
"Road-550-W Yellow, 48","Road Bikes","Bikes","2015-01-24 00:00:00","1120.4900","28.0123","United States","Burlingame","94010"
"Road-350-W Yellow, 42","Road Bikes","Bikes","2015-01-24 00:00:00","1700.9900","42.5248","United States","Bellflower","90706"
"Road-550-W Yellow, 44","Road Bikes","Bikes","2015-01-24 00:00:00","1120.4900","28.0123","United Kingdom","London","SE1 8HL"
"Road-750 Black, 44","Road Bikes","Bikes","2015-01-24 00:00:00","539.9900","13.4998","United Kingdom","Watford","WA3"
"Road-750 Black, 44","Road Bikes","Bikes","2015-01-24 00:00:00","539.9900","13.4998","France","Lieusaint","77127"
"Touring-1000 Blue, 50","Touring Bikes","Bikes","2015-01-24 00:00:00","2384.0700","59.6018","Australia","Brisbane","4000"
"Mountain-400-W Silver, 46","Mountain Bikes","Bikes","2015-01-24 00:00:00","769.4900","19.2373","Australia","Port Macquarie","2444"
"Touring-1000 Blue, 54","Touring Bikes","Bikes","2015-01-24 00:00:00","2384.0700","59.6018","Australia","Sydney","1002"
"Road-750 Black, 58","Road Bikes","Bikes","2015-01-24 00:00:00","539.9900","13.4998","Australia","Geelong","3220"
"Mountain-500 Silver, 52","Mountain Bikes","Bikes","2015-01-23 00:00:00","564.9900","14.1248","France","Saint Ouen","80610"
"Road-350-W Yellow, 48","Road Bikes","Bikes","2015-01-23 00:00:00","1700.9900","42.5248","France","Villeneuve-d'Ascq","59491"
"Mountain-200 Black, 46","Mountain Bikes","Bikes","2015-01-23 00:00:00","2294.9900","57.3748","Germany","Offenbach","63009"
"Mountain-200 Black, 42","Mountain Bikes","Bikes","2015-01-23 00:00:00","2294.9900","57.3748","Germany","Stuttgart","70452"
"Road-250 Black, 58","Road Bikes","Bikes","2015-01-23 00:00:00","2443.3500","61.0838","United States","Newport Beach","92625"
"Road-250 Black, 58","Road Bikes","Bikes","2015-01-23 00:00:00","2443.3500","61.0838","United States","El Cajon","92020"
"Mountain-200 Black, 38","Mountain Bikes","Bikes","2015-01-23 00:00:00","2294.9900","57.3748","United States","Berkeley","94704"
"Mountain-200 Silver, 46","Mountain Bikes","Bikes","2015-01-23 00:00:00","2319.9900","57.9998","United States","Grossmont","91941"
"Mountain-200 Black, 42","Mountain Bikes","Bikes","2015-01-23 00:00:00","2294.9900","57.3748","United States","Lincoln Acres","91950"
"Mountain-200 Black, 38","Mountain Bikes","Bikes","2015-01-23 00:00:00","2294.9900","57.3748","Canada","Cliffside","V8Y 1L1"
"Mountain-200 Silver, 46","Mountain Bikes","Bikes","2015-01-23 00:00:00","2319.9900","57.9998","United States","Bellingham","98225"
"Mountain-200 Black, 38","Mountain Bikes","Bikes","2015-01-23 00:00:00","2294.9900","57.3748","Australia","Newcastle","2300"
"Mountain-200 Black, 46","Mountain Bikes","Bikes","2015-01-23 00:00:00","2294.9900","57.3748","Australia","Matraville","2036"
"Road-750 Black, 58","Road Bikes","Bikes","2015-01-23 00:00:00","539.9900","13.4998","United States","San Gabriel","91776"
"Touring-1000 Blue, 54","Touring Bikes","Bikes","2015-01-23 00:00:00","2384.0700","59.6018","United Kingdom","York","Y024 1GF"
"Touring-1000 Blue, 46","Touring Bikes","Bikes","2015-01-23 00:00:00","2384.0700","59.6018","France","Metz","57000"
"Touring-1000 Blue, 50","Touring Bikes","Bikes","2015-01-23 00:00:00","2384.0700","59.6018","Australia","Rhodes","2138"
"Road-750 Black, 58","Road Bikes","Bikes","2015-01-23 00:00:00","539.9900","13.4998","Australia","Bendigo","3550"
"Mountain-500 Black, 42","Mountain Bikes","Bikes","2015-01-22 00:00:00","539.9900","13.4998","United Kingdom","Milton Keynes","MK8 8DF"
"Mountain-500 Silver, 48","Mountain Bikes","Bikes","2015-01-22 00:00:00","564.9900","14.1248","France","Paris","75009"
"Road-250 Black, 58","Road Bikes","Bikes","2015-01-22 00:00:00","2443.3500","61.0838","United Kingdom","London","W1V 5RN"
"Road-250 Black, 58","Road Bikes","Bikes","2015-01-22 00:00:00","2443.3500","61.0838","Germany","M?nchen","80074"
"Road-250 Black, 52","Road Bikes","Bikes","2015-01-22 00:00:00","2443.3500","61.0838","Germany","Saarlouis","66740"
"Mountain-400-W Silver, 46","Mountain Bikes","Bikes","2015-01-22 00:00:00","769.4900","19.2373","United Kingdom","London","SE1 8HL"
"Touring-3000 Blue, 62","Touring Bikes","Bikes","2015-01-22 00:00:00","742.3500","18.5588","United Kingdom","Wokingham","RG41 1QW"
"Touring-1000 Blue, 60","Touring Bikes","Bikes","2015-01-22 00:00:00","2384.0700","59.6018","Germany","Duesseldorf","40434"
"Touring-1000 Blue, 60","Touring Bikes","Bikes","2015-01-22 00:00:00","2384.0700","59.6018","Germany","Berlin","12311"
"Touring-2000 Blue, 46","Touring Bikes","Bikes","2015-01-22 00:00:00","1214.8500","30.3713","Germany","Stuttgart","70452"
"Road-350-W Yellow, 42","Road Bikes","Bikes","2015-01-22 00:00:00","1700.9900","42.5248","Australia","North Ryde","2113"
"Road-250 Black, 44","Road Bikes","Bikes","2015-01-22 00:00:00","2443.3500","61.0838","Australia","Geelong","3220"
"Mountain-200 Black, 46","Mountain Bikes","Bikes","2015-01-22 00:00:00","2294.9900","57.3748","Australia","Rhodes","2138"
"Touring-1000 Yellow, 54","Touring Bikes","Bikes","2015-01-22 00:00:00","2384.0700","59.6018","Canada","Shawnee","V9B 2C3"
"Touring-1000 Blue, 60","Touring Bikes","Bikes","2015-01-22 00:00:00","2384.0700","59.6018","United States","W. Linn","97068"
"Touring-1000 Blue, 60","Touring Bikes","Bikes","2015-01-22 00:00:00","2384.0700","59.6018","United States","La Jolla","92806"
"Road-750 Black, 52","Road Bikes","Bikes","2015-01-22 00:00:00","539.9900","13.4998","United States","Bellingham","98225"
"Road-750 Black, 52","Road Bikes","Bikes","2015-01-22 00:00:00","539.9900","13.4998","United States","Palo Alto","94303"
"Road-750 Black, 44","Road Bikes","Bikes","2015-01-22 00:00:00","539.9900","13.4998","United States","Bellflower","90706"
"Road-550-W Yellow, 44","Road Bikes","Bikes","2015-01-22 00:00:00","1120.4900","28.0123","United States","Palo Alto","94303"
"Road-550-W Yellow, 48","Road Bikes","Bikes","2015-01-22 00:00:00","1120.4900","28.0123","United States","Lynnwood","98036"
"Road-350-W Yellow, 48","Road Bikes","Bikes","2015-01-22 00:00:00","1700.9900","42.5248","United States","Oakland","94611"
"Road-550-W Yellow, 42","Road Bikes","Bikes","2015-01-22 00:00:00","1120.4900","28.0123","United Kingdom","Berkshire","RG11 5TP"
"Road-550-W Yellow, 44","Road Bikes","Bikes","2015-01-22 00:00:00","1120.4900","28.0123","United Kingdom","London","SW8 4BG"
"Road-550-W Yellow, 48","Road Bikes","Bikes","2015-01-22 00:00:00","1120.4900","28.0123","United Kingdom","Warrington","WA1"
"Touring-1000 Blue, 46","Touring Bikes","Bikes","2015-01-22 00:00:00","2384.0700","59.6018","Australia","Lavender Bay","2060"
"Mountain-200 Black, 42","Mountain Bikes","Bikes","2015-01-21 00:00:00","2294.9900","57.3748","France","Colomiers","31770"
"Mountain-200 Silver, 46","Mountain Bikes","Bikes","2015-01-21 00:00:00","2319.9900","57.9998","France","Saint Germain en Laye","78100"
"Mountain-200 Black, 46","Mountain Bikes","Bikes","2015-01-21 00:00:00","2294.9900","57.3748","France","Chatou","78400"
"Road-250 Black, 44","Road Bikes","Bikes","2015-01-21 00:00:00","2443.3500","61.0838","United States","Sedro Woolley","98284"
"Mountain-200 Silver, 38","Mountain Bikes","Bikes","2015-01-21 00:00:00","2319.9900","57.9998","United States","San Carlos","94070"
"Touring-3000 Yellow, 62","Touring Bikes","Bikes","2015-01-21 00:00:00","742.3500","18.5588","United Kingdom","Warrington","WA3 7BH"
"Touring-3000 Blue, 58","Touring Bikes","Bikes","2015-01-21 00:00:00","742.3500","18.5588","Germany","Paderborn","33098"
"Touring-3000 Yellow, 58","Touring Bikes","Bikes","2015-01-21 00:00:00","742.3500","18.5588","France","Tremblay-en-France","93290"
"Touring-3000 Blue, 54","Touring Bikes","Bikes","2015-01-21 00:00:00","742.3500","18.5588","United Kingdom","London","SW1P 2NU"
"Road-350-W Yellow, 48","Road Bikes","Bikes","2015-01-21 00:00:00","1700.9900","42.5248","Australia","Milsons Point","2061"
"Road-350-W Yellow, 48","Road Bikes","Bikes","2015-01-21 00:00:00","1700.9900","42.5248","Australia","Port Macquarie","2444"
"Road-550-W Yellow, 42","Road Bikes","Bikes","2015-01-21 00:00:00","1120.4900","28.0123","Australia","Goulburn","2580"
"Road-550-W Yellow, 42","Road Bikes","Bikes","2015-01-21 00:00:00","1120.4900","28.0123","Australia","Malabar","2036"
"Mountain-200 Silver, 42","Mountain Bikes","Bikes","2015-01-21 00:00:00","2319.9900","57.9998","Australia","Caloundra","4551"
"Touring-2000 Blue, 50","Touring Bikes","Bikes","2015-01-21 00:00:00","1214.8500","30.3713","United States","Sedro Woolley","98284"
"Touring-3000 Blue, 58","Touring Bikes","Bikes","2015-01-21 00:00:00","742.3500","18.5588","United States","Burien","98168"
"Touring-1000 Yellow, 60","Touring Bikes","Bikes","2015-01-21 00:00:00","2384.0700","59.6018","United States","Glendale","91203"
"Road-750 Black, 44","Road Bikes","Bikes","2015-01-21 00:00:00","539.9900","13.4998","United States","Burlingame","94010"
"Road-750 Black, 44","Road Bikes","Bikes","2015-01-21 00:00:00","539.9900","13.4998","Canada","Oak Bay","V8P"
"Road-750 Black, 44","Road Bikes","Bikes","2015-01-21 00:00:00","539.9900","13.4998","United States","Oakland","94611"
"Road-350-W Yellow, 48","Road Bikes","Bikes","2015-01-21 00:00:00","1700.9900","42.5248","United States","Oakland","94611"
"Road-550-W Yellow, 40","Road Bikes","Bikes","2015-01-21 00:00:00","1120.4900","28.0123","United Kingdom","Cambridge","CB4 4BZ"
"Road-550-W Yellow, 40","Road Bikes","Bikes","2015-01-21 00:00:00","1120.4900","28.0123","Germany","Kassel","34117"
"Touring-1000 Blue, 46","Touring Bikes","Bikes","2015-01-21 00:00:00","2384.0700","59.6018","Australia","Wollongong","2500"
"Mountain-500 Silver, 42","Mountain Bikes","Bikes","2015-01-20 00:00:00","564.9900","14.1248","Germany","Saarlouis","66740"
"Road-350-W Yellow, 44","Road Bikes","Bikes","2015-01-20 00:00:00","1700.9900","42.5248","Germany","Darmstadt","64283"
"Mountain-200 Silver, 46","Mountain Bikes","Bikes","2015-01-20 00:00:00","2319.9900","57.9998","United Kingdom","Oxford","OX1"
"Mountain-200 Black, 42","Mountain Bikes","Bikes","2015-01-20 00:00:00","2294.9900","57.3748","Germany","Werne","59368"
"Mountain-200 Silver, 42","Mountain Bikes","Bikes","2015-01-20 00:00:00","2319.9900","57.9998","United Kingdom","Peterborough","PB12"
"Mountain-200 Silver, 42","Mountain Bikes","Bikes","2015-01-20 00:00:00","2319.9900","57.9998","France","Villeneuve-d'Ascq","59491"
"Road-250 Red, 58","Road Bikes","Bikes","2015-01-20 00:00:00","2443.3500","61.0838","United States","Port Orchard","98366"
"Mountain-500 Silver, 48","Mountain Bikes","Bikes","2015-01-20 00:00:00","564.9900","14.1248","United States","Lakewood","90712"
"Mountain-200 Silver, 38","Mountain Bikes","Bikes","2015-01-20 00:00:00","2319.9900","57.9998","United States","San Carlos","94070"
"Mountain-200 Black, 42","Mountain Bikes","Bikes","2015-01-20 00:00:00","2294.9900","57.3748","Canada","Haney","V2W 1W2"
"Mountain-200 Silver, 38","Mountain Bikes","Bikes","2015-01-20 00:00:00","2319.9900","57.9998","United States","Milwaukie","97222"
"Mountain-200 Black, 42","Mountain Bikes","Bikes","2015-01-20 00:00:00","2294.9900","57.3748","United States","Puyallup","98371"
"Mountain-200 Black, 46","Mountain Bikes","Bikes","2015-01-20 00:00:00","2294.9900","57.3748","United States","Bellflower","90706"
"Touring-3000 Blue, 54","Touring Bikes","Bikes","2015-01-20 00:00:00","742.3500","18.5588","Germany","Ingolstadt","85049"
"Touring-1000 Blue, 46","Touring Bikes","Bikes","2015-01-20 00:00:00","2384.0700","59.6018","United Kingdom","Watford","WA3"
"Touring-1000 Blue, 46","Touring Bikes","Bikes","2015-01-20 00:00:00","2384.0700","59.6018","United Kingdom","Cheltenham","GL50"
"Touring-2000 Blue, 46","Touring Bikes","Bikes","2015-01-20 00:00:00","1214.8500","30.3713","United Kingdom","London","SW8 1XD"
"Touring-2000 Blue, 46","Touring Bikes","Bikes","2015-01-20 00:00:00","1214.8500","30.3713","France","S?vres","92310"
"Road-350-W Yellow, 48","Road Bikes","Bikes","2015-01-20 00:00:00","1700.9900","42.5248","Australia","Hobart","7001"
"Road-250 Black, 44","Road Bikes","Bikes","2015-01-20 00:00:00","2443.3500","61.0838","Australia","Warrnambool","3280"
"Road-250 Black, 52","Road Bikes","Bikes","2015-01-20 00:00:00","2443.3500","61.0838","Australia","Sunbury","3429"
"Road-550-W Yellow, 38","Road Bikes","Bikes","2015-01-20 00:00:00","1120.4900","28.0123","Australia","South Melbourne","3205"
"Road-550-W Yellow, 40","Road Bikes","Bikes","2015-01-20 00:00:00","1120.4900","28.0123","Australia","Wollongong","2500"
"Mountain-500 Black, 44","Mountain Bikes","Bikes","2015-01-20 00:00:00","539.9900","13.4998","Australia","East Brisbane","4169"
"Mountain-200 Silver, 46","Mountain Bikes","Bikes","2015-01-20 00:00:00","2319.9900","57.9998","Australia","Bendigo","3550"
"Touring-3000 Blue, 54","Touring Bikes","Bikes","2015-01-20 00:00:00","742.3500","18.5588","United States","Puyallup","98371"
"Touring-1000 Blue, 46","Touring Bikes","Bikes","2015-01-20 00:00:00","2384.0700","59.6018","United States","Yakima","98901"
"Road-750 Black, 48","Road Bikes","Bikes","2015-01-20 00:00:00","539.9900","13.4998","United States","Bremerton","98312"
"Road-750 Black, 52","Road Bikes","Bikes","2015-01-20 00:00:00","539.9900","13.4998","United States","Bellingham","98225"
"Road-550-W Yellow, 40","Road Bikes","Bikes","2015-01-20 00:00:00","1120.4900","28.0123","United States","Daly City","94015"
"Road-750 Black, 44","Road Bikes","Bikes","2015-01-20 00:00:00","539.9900","13.4998","France","Paris","75010"
"Road-750 Black, 48","Road Bikes","Bikes","2015-01-20 00:00:00","539.9900","13.4998","United Kingdom","Runcorn","TY31"
"Road-750 Black, 48","Road Bikes","Bikes","2015-01-20 00:00:00","539.9900","13.4998","United Kingdom","Runcorn","TY31"
"Touring-1000 Blue, 46","Touring Bikes","Bikes","2015-01-20 00:00:00","2384.0700","59.6018","United Kingdom","Leeds","LE18"
"Touring-3000 Blue, 44","Touring Bikes","Bikes","2015-01-20 00:00:00","742.3500","18.5588","Australia","Port Macquarie","2444"
"Road-750 Black, 58","Road Bikes","Bikes","2015-01-20 00:00:00","539.9900","13.4998","Australia","Seaford","3198"
"Mountain-400-W Silver, 42","Mountain Bikes","Bikes","2015-01-19 00:00:00","769.4900","19.2373","United Kingdom","London","SE1 8HL"
"Mountain-200 Black, 46","Mountain Bikes","Bikes","2015-01-19 00:00:00","2294.9900","57.3748","United Kingdom","Woolston","WA1 4SY"
"Mountain-400-W Silver, 40","Mountain Bikes","Bikes","2015-01-19 00:00:00","769.4900","19.2373","United States","Colma","94014"
"Mountain-400-W Silver, 42","Mountain Bikes","Bikes","2015-01-19 00:00:00","769.4900","19.2373","United States","Colma","94014"
"Mountain-200 Silver, 38","Mountain Bikes","Bikes","2015-01-19 00:00:00","2319.9900","57.9998","United States","Concord","94519"
"Mountain-200 Silver, 42","Mountain Bikes","Bikes","2015-01-19 00:00:00","2319.9900","57.9998","United States","Salem","97301"
"Mountain-200 Black, 46","Mountain Bikes","Bikes","2015-01-19 00:00:00","2294.9900","57.3748","United States","West Covina","91791"
"Road-250 Red, 58","Road Bikes","Bikes","2015-01-19 00:00:00","2443.3500","61.0838","Australia","Hervey Bay","4655"
"Road-250 Black, 52","Road Bikes","Bikes","2015-01-19 00:00:00","2443.3500","61.0838","Australia","Milsons Point","2061"
"Mountain-200 Black, 46","Mountain Bikes","Bikes","2015-01-19 00:00:00","2294.9900","57.3748","Australia","Warrnambool","3280"
"Touring-1000 Blue, 46","Touring Bikes","Bikes","2015-01-19 00:00:00","2384.0700","59.6018","United States","Berkeley","94704"
"Touring-1000 Yellow, 46","Touring Bikes","Bikes","2015-01-19 00:00:00","2384.0700","59.6018","Canada","Langley","V3A 4R2"
"Touring-1000 Yellow, 46","Touring Bikes","Bikes","2015-01-19 00:00:00","2384.0700","59.6018","United States","Bellingham","98225"
"Touring-1000 Yellow, 46","Touring Bikes","Bikes","2015-01-19 00:00:00","2384.0700","59.6018","Canada","Oak Bay","V8P"
"Road-750 Black, 58","Road Bikes","Bikes","2015-01-19 00:00:00","539.9900","13.4998","United States","Burien","98168"
"Road-750 Black, 58","Road Bikes","Bikes","2015-01-19 00:00:00","539.9900","13.4998","United States","Burien","98168"
"Road-750 Black, 48","Road Bikes","Bikes","2015-01-19 00:00:00","539.9900","13.4998","United States","Concord","94519"
"Road-550-W Yellow, 38","Road Bikes","Bikes","2015-01-19 00:00:00","1120.4900","28.0123","Germany","Werne","59368"
"Touring-3000 Yellow, 58","Touring Bikes","Bikes","2015-01-19 00:00:00","742.3500","18.5588","Australia","Brisbane","4000"
"Road-750 Black, 48","Road Bikes","Bikes","2015-01-19 00:00:00","539.9900","13.4998","Australia","Coffs Harbour","2450"
"Road-750 Black, 58","Road Bikes","Bikes","2015-01-19 00:00:00","539.9900","13.4998","Australia","Gold Coast","4217"
"Road-350-W Yellow, 40","Road Bikes","Bikes","2015-01-18 00:00:00","1700.9900","42.5248","United Kingdom","Leeds","LE18"
"Mountain-500 Silver, 40","Mountain Bikes","Bikes","2015-01-18 00:00:00","564.9900","14.1248","United Kingdom","Maidenhead","SL67RJ"
"Road-250 Black, 58","Road Bikes","Bikes","2015-01-18 00:00:00","2443.3500","61.0838","United Kingdom","London","C2H 7AU"
"Mountain-200 Silver, 46","Mountain Bikes","Bikes","2015-01-18 00:00:00","2319.9900","57.9998","France","Chatou","78400"
"Mountain-500 Silver, 42","Mountain Bikes","Bikes","2015-01-18 00:00:00","564.9900","14.1248","United States","Colma","94014"
"Mountain-200 Black, 42","Mountain Bikes","Bikes","2015-01-18 00:00:00","2294.9900","57.3748","United States","Lemon Grove","91945"
"Road-350-W Yellow, 44","Road Bikes","Bikes","2015-01-18 00:00:00","1700.9900","42.5248","Australia","Hobart","7001"
"Road-250 Black, 48","Road Bikes","Bikes","2015-01-18 00:00:00","2443.3500","61.0838","Australia","Melton","3337"
"Road-550-W Yellow, 38","Road Bikes","Bikes","2015-01-18 00:00:00","1120.4900","28.0123","Australia","Port Macquarie","2444"
"Road-750 Black, 52","Road Bikes","Bikes","2015-01-18 00:00:00","539.9900","13.4998","United States","San Diego","92102"
"Road-750 Black, 58","Road Bikes","Bikes","2015-01-18 00:00:00","539.9900","13.4998","Canada","Cliffside","V8Y 1L1"
"Road-750 Black, 48","Road Bikes","Bikes","2015-01-18 00:00:00","539.9900","13.4998","United States","Edmonds","98020"
"Road-550-W Yellow, 38","Road Bikes","Bikes","2015-01-18 00:00:00","1120.4900","28.0123","United States","Lebanon","97355"
"Road-750 Black, 52","Road Bikes","Bikes","2015-01-18 00:00:00","539.9900","13.4998","United Kingdom","Warrington","WA1"
"Road-750 Black, 58","Road Bikes","Bikes","2015-01-18 00:00:00","539.9900","13.4998","Germany","Frankfurt","60323"
"Touring-1000 Yellow, 50","Touring Bikes","Bikes","2015-01-18 00:00:00","2384.0700","59.6018","United Kingdom","London","SW19 3RU"
"Touring-3000 Yellow, 62","Touring Bikes","Bikes","2015-01-18 00:00:00","742.3500","18.5588","Australia","Cloverdale","6105"
"Touring-1000 Blue, 46","Touring Bikes","Bikes","2015-01-18 00:00:00","2384.0700","59.6018","Australia","Melton","3337"
"Road-750 Black, 52","Road Bikes","Bikes","2015-01-18 00:00:00","539.9900","13.4998","Australia","South Melbourne","3205"
"Road-750 Black, 58","Road Bikes","Bikes","2015-01-18 00:00:00","539.9900","13.4998","Australia","Melton","3337"
"Road-750 Black, 44","Road Bikes","Bikes","2015-01-18 00:00:00","539.9900","13.4998","Australia","Warrnambool","3280"
"Mountain-500 Silver, 48","Mountain Bikes","Bikes","2015-01-17 00:00:00","564.9900","14.1248","Germany","Hof","95010"
"Mountain-500 Silver, 48","Mountain Bikes","Bikes","2015-01-17 00:00:00","564.9900","14.1248","Germany","Salzgitter","38231"
"Road-350-W Yellow, 42","Road Bikes","Bikes","2015-01-17 00:00:00","1700.9900","42.5248","Germany","Werne","59368"
"Mountain-200 Black, 38","Mountain Bikes","Bikes","2015-01-17 00:00:00","2294.9900","57.3748","Germany","Berlin","12171"
"Mountain-200 Silver, 46","Mountain Bikes","Bikes","2015-01-17 00:00:00","2319.9900","57.9998","Germany","Paderborn","33041"
"Mountain-400-W Silver, 40","Mountain Bikes","Bikes","2015-01-17 00:00:00","769.4900","19.2373","Canada","Victoria","V8V"
"Mountain-200 Black, 38","Mountain Bikes","Bikes","2015-01-17 00:00:00","2294.9900","57.3748","United States","Oregon City","97045"
"Road-350-W Yellow, 40","Road Bikes","Bikes","2015-01-17 00:00:00","1700.9900","42.5248","Australia","Melbourne","3000"
"Road-250 Black, 52","Road Bikes","Bikes","2015-01-17 00:00:00","2443.3500","61.0838","Australia","Newcastle","2300"
"Road-550-W Yellow, 48","Road Bikes","Bikes","2015-01-17 00:00:00","1120.4900","28.0123","Australia","Newcastle","2300"
"Road-550-W Yellow, 40","Road Bikes","Bikes","2015-01-17 00:00:00","1120.4900","28.0123","Australia","Springwood","2777"
"Mountain-500 Silver, 44","Mountain Bikes","Bikes","2015-01-17 00:00:00","564.9900","14.1248","Australia","North Sydney","2055"
"Mountain-200 Silver, 46","Mountain Bikes","Bikes","2015-01-17 00:00:00","2319.9900","57.9998","Australia","Sunbury","3429"
"Touring-2000 Blue, 54","Touring Bikes","Bikes","2015-01-17 00:00:00","1214.8500","30.3713","United States","Camarillo","93010"
"Touring-1000 Yellow, 50","Touring Bikes","Bikes","2015-01-17 00:00:00","2384.0700","59.6018","United States","Bremerton","98312"
"Road-350-W Yellow, 40","Road Bikes","Bikes","2015-01-17 00:00:00","1700.9900","42.5248","United States","Redwood City","94063"
"Road-750 Black, 44","Road Bikes","Bikes","2015-01-17 00:00:00","539.9900","13.4998","Germany","Hof","95010"
"Mountain-400-W Silver, 46","Mountain Bikes","Bikes","2015-01-17 00:00:00","769.4900","19.2373","Australia","Malabar","2036"
"Touring-2000 Blue, 54","Touring Bikes","Bikes","2015-01-17 00:00:00","1214.8500","30.3713","Australia","Lane Cove","1597"
"Road-750 Black, 52","Road Bikes","Bikes","2015-01-17 00:00:00","539.9900","13.4998","Australia","Caloundra","4551"
"Road-350-W Yellow, 42","Road Bikes","Bikes","2015-01-16 00:00:00","1700.9900","42.5248","France","Paris","75005"
"Mountain-500 Black, 48","Mountain Bikes","Bikes","2015-01-16 00:00:00","539.9900","13.4998","France","Roubaix","59100"
"Road-350-W Yellow, 40","Road Bikes","Bikes","2015-01-16 00:00:00","1700.9900","42.5248","United Kingdom","York","Y024 1GF"
"Mountain-400-W Silver, 40","Mountain Bikes","Bikes","2015-01-16 00:00:00","769.4900","19.2373","United Kingdom","London","C2H 7AU"
"Road-350-W Yellow, 40","Road Bikes","Bikes","2015-01-16 00:00:00","1700.9900","42.5248","Germany","Bottrop","46236"
"Mountain-200 Silver, 38","Mountain Bikes","Bikes","2015-01-16 00:00:00","2319.9900","57.9998","Germany","Hannover","30601"
"Mountain-200 Black, 38","Mountain Bikes","Bikes","2015-01-16 00:00:00","2294.9900","57.3748","France","Roissy en Brie","77680"
"Mountain-400-W Silver, 38","Mountain Bikes","Bikes","2015-01-16 00:00:00","769.4900","19.2373","United States","Bellflower","90706"
"Mountain-400-W Silver, 38","Mountain Bikes","Bikes","2015-01-16 00:00:00","769.4900","19.2373","United States","Downey","90241"
"Mountain-400-W Silver, 40","Mountain Bikes","Bikes","2015-01-16 00:00:00","769.4900","19.2373","United States","Redwood City","94063"
"Mountain-500 Black, 40","Mountain Bikes","Bikes","2015-01-16 00:00:00","539.9900","13.4998","United States","San Francisco","94109"
"Mountain-500 Black, 42","Mountain Bikes","Bikes","2015-01-16 00:00:00","539.9900","13.4998","United States","Everett","98201"
"Touring-1000 Yellow, 60","Touring Bikes","Bikes","2015-01-16 00:00:00","2384.0700","59.6018","United Kingdom","Reading","RG7 5H7"
"Touring-2000 Blue, 50","Touring Bikes","Bikes","2015-01-16 00:00:00","1214.8500","30.3713","Germany","Hof","95010"
"Road-350-W Yellow, 48","Road Bikes","Bikes","2015-01-16 00:00:00","1700.9900","42.5248","Australia","Gold Coast","4217"
"Road-250 Black, 52","Road Bikes","Bikes","2015-01-16 00:00:00","2443.3500","61.0838","Australia","Townsville","4810"
"Road-550-W Yellow, 48","Road Bikes","Bikes","2015-01-16 00:00:00","1120.4900","28.0123","Australia","Hobart","7001"
"Mountain-200 Black, 38","Mountain Bikes","Bikes","2015-01-16 00:00:00","2294.9900","57.3748","Australia","North Sydney","2055"
"Mountain-200 Black, 46","Mountain Bikes","Bikes","2015-01-16 00:00:00","2294.9900","57.3748","Australia","Melton","3337"
"Mountain-200 Silver, 46","Mountain Bikes","Bikes","2015-01-16 00:00:00","2319.9900","57.9998","Australia","Matraville","2036"
"Touring-2000 Blue, 46","Touring Bikes","Bikes","2015-01-16 00:00:00","1214.8500","30.3713","United States","Beaverton","97005"
"Touring-3000 Blue, 50","Touring Bikes","Bikes","2015-01-16 00:00:00","742.3500","18.5588","United States","Santa Monica","90401"
"Touring-1000 Yellow, 54","Touring Bikes","Bikes","2015-01-16 00:00:00","2384.0700","59.6018","United States","Downey","90241"
"Road-550-W Yellow, 44","Road Bikes","Bikes","2015-01-16 00:00:00","1120.4900","28.0123","Canada","Haney","V2W 1W2"
"Road-350-W Yellow, 48","Road Bikes","Bikes","2015-01-16 00:00:00","1700.9900","42.5248","Canada","Haney","V2W 1W2"
"Road-550-W Yellow, 48","Road Bikes","Bikes","2015-01-16 00:00:00","1120.4900","28.0123","France","Bobigny","93000"
"Road-750 Black, 48","Road Bikes","Bikes","2015-01-16 00:00:00","539.9900","13.4998","Germany","Darmstadt","64283"
"Mountain-400-W Silver, 38","Mountain Bikes","Bikes","2015-01-16 00:00:00","769.4900","19.2373","Australia","Goulburn","2580"
"Road-750 Black, 48","Road Bikes","Bikes","2015-01-16 00:00:00","539.9900","13.4998","Australia","Sydney","1002"
"Road-750 Black, 44","Road Bikes","Bikes","2015-01-16 00:00:00","539.9900","13.4998","Australia","Melbourne","3000"
"Road-350-W Yellow, 42","Road Bikes","Bikes","2015-01-15 00:00:00","1700.9900","42.5248","United Kingdom","Lancaster","LA1 1LN"
"Mountain-200 Black, 46","Mountain Bikes","Bikes","2015-01-15 00:00:00","2294.9900","57.3748","United Kingdom","Newcastle upon Tyne","NT20"
"Mountain-400-W Silver, 40","Mountain Bikes","Bikes","2015-01-15 00:00:00","769.4900","19.2373","United States","Concord","94519"
"Mountain-500 Black, 52","Mountain Bikes","Bikes","2015-01-15 00:00:00","539.9900","13.4998","United States","Chula Vista","91910"
"Mountain-500 Silver, 44","Mountain Bikes","Bikes","2015-01-15 00:00:00","564.9900","14.1248","Canada","Vancouver","V7L 4J4"
"Mountain-500 Black, 44","Mountain Bikes","Bikes","2015-01-15 00:00:00","539.9900","13.4998","United States","Downey","90241"
"Mountain-500 Silver, 52","Mountain Bikes","Bikes","2015-01-15 00:00:00","564.9900","14.1248","United States","Milwaukie","97222"
"Mountain-200 Black, 42","Mountain Bikes","Bikes","2015-01-15 00:00:00","2294.9900","57.3748","United States","San Francisco","94109"
"Touring-1000 Yellow, 46","Touring Bikes","Bikes","2015-01-15 00:00:00","2384.0700","59.6018","United Kingdom","Reading","RG7 5H7"
"Touring-1000 Blue, 54","Touring Bikes","Bikes","2015-01-15 00:00:00","2384.0700","59.6018","United Kingdom","Newcastle upon Tyne","NT20"
"Touring-1000 Blue, 46","Touring Bikes","Bikes","2015-01-15 00:00:00","2384.0700","59.6018","Germany","Stuttgart","70511"
"Road-350-W Yellow, 42","Road Bikes","Bikes","2015-01-15 00:00:00","1700.9900","42.5248","Australia","Brisbane","4000"
"Road-250 Black, 52","Road Bikes","Bikes","2015-01-15 00:00:00","2443.3500","61.0838","Australia","Gold Coast","4217"
"Road-250 Black, 52","Road Bikes","Bikes","2015-01-15 00:00:00","2443.3500","61.0838","Australia","Sunbury","3429"
"Road-250 Black, 44","Road Bikes","Bikes","2015-01-15 00:00:00","2443.3500","61.0838","Australia","Geelong","3220"
"Road-550-W Yellow, 42","Road Bikes","Bikes","2015-01-15 00:00:00","1120.4900","28.0123","Australia","Coffs Harbour","2450"
"Mountain-200 Black, 38","Mountain Bikes","Bikes","2015-01-15 00:00:00","2294.9900","57.3748","Australia","Springwood","2777"
"Mountain-200 Silver, 38","Mountain Bikes","Bikes","2015-01-15 00:00:00","2319.9900","57.9998","Australia","Cloverdale","6105"
"Mountain-200 Silver, 46","Mountain Bikes","Bikes","2015-01-15 00:00:00","2319.9900","57.9998","Australia","Newcastle","2300"
"Mountain-200 Black, 42","Mountain Bikes","Bikes","2015-01-15 00:00:00","2294.9900","57.3748","Australia","Wollongong","2500"
"Touring-2000 Blue, 46","Touring Bikes","Bikes","2015-01-15 00:00:00","1214.8500","30.3713","United States","Bellflower","90706"
"Touring-3000 Blue, 50","Touring Bikes","Bikes","2015-01-15 00:00:00","742.3500","18.5588","United States","Beaverton","97005"
"Touring-1000 Blue, 46","Touring Bikes","Bikes","2015-01-15 00:00:00","2384.0700","59.6018","Canada","Royal Oak","V8X"
"Road-750 Black, 48","Road Bikes","Bikes","2015-01-15 00:00:00","539.9900","13.4998","United States","Berkeley","94704"
"Road-750 Black, 58","Road Bikes","Bikes","2015-01-15 00:00:00","539.9900","13.4998","United States","Portland","97205"
"Road-550-W Yellow, 44","Road Bikes","Bikes","2015-01-15 00:00:00","1120.4900","28.0123","United States","Burlingame","94010"
"Road-750 Black, 44","Road Bikes","Bikes","2015-01-15 00:00:00","539.9900","13.4998","United Kingdom","London","SW19 3RU"
"Road-750 Black, 48","Road Bikes","Bikes","2015-01-15 00:00:00","539.9900","13.4998","Germany","Braunschweig","38001"
"Mountain-400-W Silver, 46","Mountain Bikes","Bikes","2015-01-15 00:00:00","769.4900","19.2373","Australia","Townsville","4810"
"Touring-3000 Blue, 44","Touring Bikes","Bikes","2015-01-15 00:00:00","742.3500","18.5588","Australia","Lane Cove","1597"
"Touring-1000 Yellow, 60","Touring Bikes","Bikes","2015-01-15 00:00:00","2384.0700","59.6018","Australia","Perth","6006"
"Road-750 Black, 58","Road Bikes","Bikes","2015-01-15 00:00:00","539.9900","13.4998","Australia","Sydney","1002"
"Road-350-W Yellow, 48","Road Bikes","Bikes","2015-01-14 00:00:00","1700.9900","42.5248","United Kingdom","Berkshire","RG11 5TP"
"Mountain-200 Silver, 38","Mountain Bikes","Bikes","2015-01-14 00:00:00","2319.9900","57.9998","France","Paris La Defense","92081"
"Mountain-200 Black, 46","Mountain Bikes","Bikes","2015-01-14 00:00:00","2294.9900","57.3748","France","Morangis","91420"
"Mountain-200 Black, 42","Mountain Bikes","Bikes","2015-01-14 00:00:00","2294.9900","57.3748","Germany","Poing","66041"
"Mountain-400-W Silver, 40","Mountain Bikes","Bikes","2015-01-14 00:00:00","769.4900","19.2373","United States","Edmonds","98020"
"Mountain-400-W Silver, 38","Mountain Bikes","Bikes","2015-01-14 00:00:00","769.4900","19.2373","United States","Port Orchard","98366"
"Mountain-500 Black, 40","Mountain Bikes","Bikes","2015-01-14 00:00:00","539.9900","13.4998","United States","La Jolla","92806"
"Mountain-200 Silver, 46","Mountain Bikes","Bikes","2015-01-14 00:00:00","2319.9900","57.9998","United States","Bellingham","98225"
"Mountain-200 Black, 38","Mountain Bikes","Bikes","2015-01-14 00:00:00","2294.9900","57.3748","United States","Spokane","99202"
"Mountain-200 Black, 46","Mountain Bikes","Bikes","2015-01-14 00:00:00","2294.9900","57.3748","United States","Beverly Hills","90210"
"Mountain-200 Black, 38","Mountain Bikes","Bikes","2015-01-14 00:00:00","2294.9900","57.3748","United States","Spokane","99202"
"Mountain-200 Black, 42","Mountain Bikes","Bikes","2015-01-14 00:00:00","2294.9900","57.3748","United States","Bremerton","98312"
"Touring-3000 Blue, 54","Touring Bikes","Bikes","2015-01-14 00:00:00","742.3500","18.5588","Germany","Berlin","14197"
"Touring-2000 Blue, 50","Touring Bikes","Bikes","2015-01-14 00:00:00","1214.8500","30.3713","Germany","M?nchen","80074"
"Road-250 Red, 58","Road Bikes","Bikes","2015-01-14 00:00:00","2443.3500","61.0838","Australia","Brisbane","4000"
"Mountain-200 Silver, 46","Mountain Bikes","Bikes","2015-01-14 00:00:00","2319.9900","57.9998","Australia","Sunbury","3429"
"Mountain-200 Silver, 42","Mountain Bikes","Bikes","2015-01-14 00:00:00","2319.9900","57.9998","Australia","Brisbane","4000"
"Mountain-200 Black, 38","Mountain Bikes","Bikes","2015-01-14 00:00:00","2294.9900","57.3748","Australia","Hawthorne","4171"
"Road-750 Black, 44","Road Bikes","Bikes","2015-01-14 00:00:00","539.9900","13.4998","United States","Fremont","94536"
"Road-750 Black, 58","Road Bikes","Bikes","2015-01-14 00:00:00","539.9900","13.4998","United States","Olympia","98501"
"Road-750 Black, 52","Road Bikes","Bikes","2015-01-14 00:00:00","539.9900","13.4998","United States","Torrance","90505"
"Road-550-W Yellow, 40","Road Bikes","Bikes","2015-01-14 00:00:00","1120.4900","28.0123","Germany","Neunkirchen","66578"
"Touring-1000 Blue, 54","Touring Bikes","Bikes","2015-01-14 00:00:00","2384.0700","59.6018","Australia","Caloundra","4551"
"Touring-1000 Yellow, 50","Touring Bikes","Bikes","2015-01-14 00:00:00","2384.0700","59.6018","Australia","Gold Coast","4217"
"Road-750 Black, 44","Road Bikes","Bikes","2015-01-14 00:00:00","539.9900","13.4998","Australia","Townsville","4810"
"Road-750 Black, 52","Road Bikes","Bikes","2015-01-14 00:00:00","539.9900","13.4998","Australia","Hervey Bay","4655"
"Road-250 Black, 52","Road Bikes","Bikes","2015-01-13 00:00:00","2443.3500","61.0838","United Kingdom","Oxford","OX1"
"Mountain-400-W Silver, 42","Mountain Bikes","Bikes","2015-01-13 00:00:00","769.4900","19.2373","United Kingdom","Berkshire","RG11 5TP"
"Mountain-400-W Silver, 40","Mountain Bikes","Bikes","2015-01-13 00:00:00","769.4900","19.2373","United Kingdom","Wokingham","RG41 1QW"
"Mountain-400-W Silver, 42","Mountain Bikes","Bikes","2015-01-13 00:00:00","769.4900","19.2373","Canada","Oak Bay","V8P"
"Mountain-500 Black, 40","Mountain Bikes","Bikes","2015-01-13 00:00:00","539.9900","13.4998","United States","Imperial Beach","91932"
"Mountain-200 Black, 46","Mountain Bikes","Bikes","2015-01-13 00:00:00","2294.9900","57.3748","United States","Redwood City","94063"
"Mountain-200 Silver, 38","Mountain Bikes","Bikes","2015-01-13 00:00:00","2319.9900","57.9998","Canada","Langley","V3A 4R2"
"Mountain-200 Silver, 46","Mountain Bikes","Bikes","2015-01-13 00:00:00","2319.9900","57.9998","United States","Yakima","98901"
"Touring-1000 Blue, 54","Touring Bikes","Bikes","2015-01-13 00:00:00","2384.0700","59.6018","France","Chatou","78400"
"Road-350-W Yellow, 40","Road Bikes","Bikes","2015-01-13 00:00:00","1700.9900","42.5248","Australia","Hobart","7001"
"Road-550-W Yellow, 40","Road Bikes","Bikes","2015-01-13 00:00:00","1120.4900","28.0123","Australia","Perth","6006"
"Mountain-200 Silver, 42","Mountain Bikes","Bikes","2015-01-13 00:00:00","2319.9900","57.9998","Australia","East Brisbane","4169"
"Mountain-200 Black, 46","Mountain Bikes","Bikes","2015-01-13 00:00:00","2294.9900","57.3748","Australia","Townsville","4810"
"Touring-2000 Blue, 54","Touring Bikes","Bikes","2015-01-13 00:00:00","1214.8500","30.3713","Canada","Vancouver","V7L 4J4"
"Touring-1000 Blue, 46","Touring Bikes","Bikes","2015-01-13 00:00:00","2384.0700","59.6018","United States","Novato","94947"
"Touring-1000 Yellow, 46","Touring Bikes","Bikes","2015-01-13 00:00:00","2384.0700","59.6018","Canada","Shawnee","V8Z 4N5"
"Touring-1000 Yellow, 50","Touring Bikes","Bikes","2015-01-13 00:00:00","2384.0700","59.6018","United States","Beaverton","97005"
"Road-550-W Yellow, 42","Road Bikes","Bikes","2015-01-13 00:00:00","1120.4900","28.0123","United States","West Covina","91791"
"Road-550-W Yellow, 38","Road Bikes","Bikes","2015-01-13 00:00:00","1120.4900","28.0123","France","Chatou","78400"
"Road-750 Black, 58","Road Bikes","Bikes","2015-01-13 00:00:00","539.9900","13.4998","Germany","Offenbach","63009"
"Touring-1000 Blue, 54","Touring Bikes","Bikes","2015-01-13 00:00:00","2384.0700","59.6018","Australia","Brisbane","4000"
"Touring-2000 Blue, 60","Touring Bikes","Bikes","2015-01-13 00:00:00","1214.8500","30.3713","Australia","Lane Cove","1597"
"Touring-1000 Blue, 60","Touring Bikes","Bikes","2015-01-13 00:00:00","2384.0700","59.6018","Australia","Hawthorne","4171"
"Road-750 Black, 44","Road Bikes","Bikes","2015-01-13 00:00:00","539.9900","13.4998","Australia","Brisbane","4000"
"Mountain-400-W Silver, 40","Mountain Bikes","Bikes","2015-01-12 00:00:00","769.4900","19.2373","France","Paris","75012"
"Mountain-400-W Silver, 42","Mountain Bikes","Bikes","2015-01-12 00:00:00","769.4900","19.2373","United States","Renton","98055"
"Mountain-200 Silver, 42","Mountain Bikes","Bikes","2015-01-12 00:00:00","2319.9900","57.9998","Canada","Sooke","V0"
"Mountain-200 Silver, 46","Mountain Bikes","Bikes","2015-01-12 00:00:00","2319.9900","57.9998","United States","Concord","94519"
"Mountain-200 Silver, 38","Mountain Bikes","Bikes","2015-01-12 00:00:00","2319.9900","57.9998","United States","San Carlos","94070"
"Mountain-200 Silver, 42","Mountain Bikes","Bikes","2015-01-12 00:00:00","2319.9900","57.9998","United States","Lakewood","90712"
"Mountain-200 Black, 46","Mountain Bikes","Bikes","2015-01-12 00:00:00","2294.9900","57.3748","Canada","Metchosin","V9"
"Touring-1000 Yellow, 46","Touring Bikes","Bikes","2015-01-12 00:00:00","2384.0700","59.6018","United Kingdom","Kirkby","KB9"
"Touring-1000 Blue, 46","Touring Bikes","Bikes","2015-01-12 00:00:00","2384.0700","59.6018","Germany","Hamburg","20354"
"Road-250 Black, 58","Road Bikes","Bikes","2015-01-12 00:00:00","2443.3500","61.0838","Australia","Sunbury","3429"
"Road-250 Black, 52","Road Bikes","Bikes","2015-01-12 00:00:00","2443.3500","61.0838","Australia","Newcastle","2300"
"Road-550-W Yellow, 42","Road Bikes","Bikes","2015-01-12 00:00:00","1120.4900","28.0123","Australia","Geelong","3220"
"Road-550-W Yellow, 40","Road Bikes","Bikes","2015-01-12 00:00:00","1120.4900","28.0123","Australia","Lane Cove","1597"
"Road-550-W Yellow, 40","Road Bikes","Bikes","2015-01-12 00:00:00","1120.4900","28.0123","Australia","Wollongong","2500"
"Touring-1000 Blue, 46","Touring Bikes","Bikes","2015-01-12 00:00:00","2384.0700","59.6018","United States","Bellflower","90706"
"Touring-1000 Blue, 50","Touring Bikes","Bikes","2015-01-12 00:00:00","2384.0700","59.6018","United States","Portland","97205"
"Touring-1000 Yellow, 50","Touring Bikes","Bikes","2015-01-12 00:00:00","2384.0700","59.6018","United States","San Gabriel","91776"
"Road-750 Black, 44","Road Bikes","Bikes","2015-01-12 00:00:00","539.9900","13.4998","United States","Port Orchard","98366"
"Road-350-W Yellow, 40","Road Bikes","Bikes","2015-01-12 00:00:00","1700.9900","42.5248","United States","Grossmont","91941"
"Road-550-W Yellow, 38","Road Bikes","Bikes","2015-01-12 00:00:00","1120.4900","28.0123","United Kingdom","Stoke-on-Trent","AS23"
"Road-550-W Yellow, 44","Road Bikes","Bikes","2015-01-12 00:00:00","1120.4900","28.0123","United Kingdom","Watford","WA3"
"Touring-1000 Blue, 60","Touring Bikes","Bikes","2015-01-12 00:00:00","2384.0700","59.6018","Australia","Springwood","2777"
"Touring-1000 Blue, 46","Touring Bikes","Bikes","2015-01-12 00:00:00","2384.0700","59.6018","Australia","Newcastle","2300"
"Touring-2000 Blue, 54","Touring Bikes","Bikes","2015-01-12 00:00:00","1214.8500","30.3713","Australia","Warrnambool","3280"
"Road-750 Black, 58","Road Bikes","Bikes","2015-01-12 00:00:00","539.9900","13.4998","Australia","Lavender Bay","2060"
"Road-350-W Yellow, 42","Road Bikes","Bikes","2015-01-11 00:00:00","1700.9900","42.5248","France","Chatou","78400"
"Road-350-W Yellow, 42","Road Bikes","Bikes","2015-01-11 00:00:00","1700.9900","42.5248","United Kingdom","Leeds","LE18"
"Road-250 Black, 44","Road Bikes","Bikes","2015-01-11 00:00:00","2443.3500","61.0838","United Kingdom","York","YO15"
"Mountain-200 Silver, 42","Mountain Bikes","Bikes","2015-01-11 00:00:00","2319.9900","57.9998","Germany","Berlin","14197"
"Mountain-400-W Silver, 40","Mountain Bikes","Bikes","2015-01-11 00:00:00","769.4900","19.2373","United States","Lake Oswego","97034"
"Mountain-200 Silver, 46","Mountain Bikes","Bikes","2015-01-11 00:00:00","2319.9900","57.9998","Canada","Metchosin","V9"
"Mountain-200 Silver, 46","Mountain Bikes","Bikes","2015-01-11 00:00:00","2319.9900","57.9998","United States","Mill Valley","94941"
"Mountain-200 Silver, 42","Mountain Bikes","Bikes","2015-01-11 00:00:00","2319.9900","57.9998","United States","Bellingham","98225"
"Touring-1000 Blue, 50","Touring Bikes","Bikes","2015-01-11 00:00:00","2384.0700","59.6018","United Kingdom","York","Y03 4TN"
"Road-350-W Yellow, 44","Road Bikes","Bikes","2015-01-11 00:00:00","1700.9900","42.5248","Australia","Brisbane","4000"
"Road-250 Black, 58","Road Bikes","Bikes","2015-01-11 00:00:00","2443.3500","61.0838","Australia","Lane Cove","1597"
"Road-250 Red, 58","Road Bikes","Bikes","2015-01-11 00:00:00","2443.3500","61.0838","Australia","South Melbourne","3205"
"Mountain-500 Black, 48","Mountain Bikes","Bikes","2015-01-11 00:00:00","539.9900","13.4998","Australia","Geelong","3220"
"Mountain-500 Silver, 52","Mountain Bikes","Bikes","2015-01-11 00:00:00","564.9900","14.1248","Australia","Brisbane","4000"
"Mountain-200 Black, 42","Mountain Bikes","Bikes","2015-01-11 00:00:00","2294.9900","57.3748","Australia","Geelong","3220"
"Mountain-200 Silver, 46","Mountain Bikes","Bikes","2015-01-11 00:00:00","2319.9900","57.9998","Australia","Rockhampton","4700"
"Mountain-200 Silver, 46","Mountain Bikes","Bikes","2015-01-11 00:00:00","2319.9900","57.9998","Australia","Milsons Point","2061"
"Touring-1000 Yellow, 50","Touring Bikes","Bikes","2015-01-11 00:00:00","2384.0700","59.6018","United States","Bellflower","90706"
"Touring-1000 Yellow, 50","Touring Bikes","Bikes","2015-01-11 00:00:00","2384.0700","59.6018","United States","Imperial Beach","91932"
"Road-550-W Yellow, 38","Road Bikes","Bikes","2015-01-11 00:00:00","1120.4900","28.0123","United States","Bellflower","90706"
"Road-550-W Yellow, 44","Road Bikes","Bikes","2015-01-11 00:00:00","1120.4900","28.0123","United States","Woodburn","97071"
"Road-350-W Yellow, 44","Road Bikes","Bikes","2015-01-11 00:00:00","1700.9900","42.5248","Canada","Cliffside","V8Y 1L1"
"Touring-3000 Blue, 44","Touring Bikes","Bikes","2015-01-11 00:00:00","742.3500","18.5588","Australia","Rockhampton","4700"
"Touring-1000 Blue, 60","Touring Bikes","Bikes","2015-01-11 00:00:00","2384.0700","59.6018","Australia","South Melbourne","3205"
"Road-750 Black, 48","Road Bikes","Bikes","2015-01-11 00:00:00","539.9900","13.4998","Australia","Sydney","1002"
"Road-350-W Yellow, 40","Road Bikes","Bikes","2015-01-10 00:00:00","1700.9900","42.5248","Germany","Kassel","34117"
"Mountain-400-W Silver, 38","Mountain Bikes","Bikes","2015-01-10 00:00:00","769.4900","19.2373","United Kingdom","London","W1V 5RN"
"Mountain-200 Silver, 46","Mountain Bikes","Bikes","2015-01-10 00:00:00","2319.9900","57.9998","Germany","M?nchen","80074"
"Mountain-200 Silver, 46","Mountain Bikes","Bikes","2015-01-10 00:00:00","2319.9900","57.9998","Germany","Berlin","14197"
"Mountain-200 Black, 38","Mountain Bikes","Bikes","2015-01-10 00:00:00","2294.9900","57.3748","Germany","Kassel","34117"
"Mountain-400-W Silver, 42","Mountain Bikes","Bikes","2015-01-10 00:00:00","769.4900","19.2373","United States","Lemon Grove","91945"
"Mountain-400-W Silver, 46","Mountain Bikes","Bikes","2015-01-10 00:00:00","769.4900","19.2373","United States","Corvallis","97330"
"Mountain-500 Silver, 48","Mountain Bikes","Bikes","2015-01-10 00:00:00","564.9900","14.1248","United States","Beverly Hills","90210"
"Mountain-200 Black, 42","Mountain Bikes","Bikes","2015-01-10 00:00:00","2294.9900","57.3748","United States","Milwaukie","97222"
"Mountain-200 Silver, 46","Mountain Bikes","Bikes","2015-01-10 00:00:00","2319.9900","57.9998","United States","Chula Vista","91910"
"Touring-3000 Blue, 44","Touring Bikes","Bikes","2015-01-10 00:00:00","742.3500","18.5588","France","Orleans","45000"
"Touring-3000 Yellow, 62","Touring Bikes","Bikes","2015-01-10 00:00:00","742.3500","18.5588","Germany","Berlin","14111"
"Road-350-W Yellow, 40","Road Bikes","Bikes","2015-01-10 00:00:00","1700.9900","42.5248","Australia","Hawthorne","4171"
"Mountain-200 Black, 42","Mountain Bikes","Bikes","2015-01-10 00:00:00","2294.9900","57.3748","Australia","Brisbane","4000"
"Touring-2000 Blue, 46","Touring Bikes","Bikes","2015-01-10 00:00:00","1214.8500","30.3713","United States","La Jolla","92806"
"Touring-1000 Yellow, 60","Touring Bikes","Bikes","2015-01-10 00:00:00","2384.0700","59.6018","United States","Walla Walla","99362"
"Touring-1000 Blue, 54","Touring Bikes","Bikes","2015-01-10 00:00:00","2384.0700","59.6018","Canada","N. Vancouver","V7L 4J4"
"Touring-1000 Blue, 54","Touring Bikes","Bikes","2015-01-10 00:00:00","2384.0700","59.6018","United States","Woodland Hills","91364"
"Touring-1000 Blue, 50","Touring Bikes","Bikes","2015-01-10 00:00:00","2384.0700","59.6018","United States","Lebanon","97355"
"Touring-1000 Yellow, 60","Touring Bikes","Bikes","2015-01-10 00:00:00","2384.0700","59.6018","United States","Renton","98055"
"Road-750 Black, 58","Road Bikes","Bikes","2015-01-10 00:00:00","539.9900","13.4998","Canada","N. Vancouver","V7L 4J4"
"Road-750 Black, 48","Road Bikes","Bikes","2015-01-10 00:00:00","539.9900","13.4998","United States","Walla Walla","99362"
"Road-550-W Yellow, 40","Road Bikes","Bikes","2015-01-10 00:00:00","1120.4900","28.0123","Canada","Westminster","V3L 1E7"
"Road-350-W Yellow, 40","Road Bikes","Bikes","2015-01-10 00:00:00","1700.9900","42.5248","United States","Bellflower","90706"
"Road-550-W Yellow, 38","Road Bikes","Bikes","2015-01-10 00:00:00","1120.4900","28.0123","France","Orleans","45000"
"Touring-1000 Blue, 54","Touring Bikes","Bikes","2015-01-10 00:00:00","2384.0700","59.6018","United Kingdom","Warrington","WA3 7BH"
"Touring-1000 Yellow, 60","Touring Bikes","Bikes","2015-01-10 00:00:00","2384.0700","59.6018","Australia","Cloverdale","6105"
"Mountain-500 Black, 42","Mountain Bikes","Bikes","2015-01-09 00:00:00","539.9900","13.4998","France","Metz","57000"
"Mountain-500 Black, 40","Mountain Bikes","Bikes","2015-01-09 00:00:00","539.9900","13.4998","Germany","M?nchen","80074"
"Road-250 Black, 48","Road Bikes","Bikes","2015-01-09 00:00:00","2443.3500","61.0838","United Kingdom","Peterborough","PB12"
"Mountain-200 Silver, 46","Mountain Bikes","Bikes","2015-01-09 00:00:00","2319.9900","57.9998","United States","Lebanon","97355"
"Mountain-200 Silver, 42","Mountain Bikes","Bikes","2015-01-09 00:00:00","2319.9900","57.9998","United States","Lebanon","97355"
"Mountain-200 Silver, 38","Mountain Bikes","Bikes","2015-01-09 00:00:00","2319.9900","57.9998","United States","Puyallup","98371"
"Mountain-200 Silver, 46","Mountain Bikes","Bikes","2015-01-09 00:00:00","2319.9900","57.9998","United States","Marysville","98270"
"Mountain-200 Black, 38","Mountain Bikes","Bikes","2015-01-09 00:00:00","2294.9900","57.3748","Canada","Cliffside","V8Y 1L1"
"Mountain-200 Silver, 38","Mountain Bikes","Bikes","2015-01-09 00:00:00","2319.9900","57.9998","United States","Puyallup","98371"
"Road-350-W Yellow, 42","Road Bikes","Bikes","2015-01-09 00:00:00","1700.9900","42.5248","Australia","Milsons Point","2061"
"Road-250 Black, 58","Road Bikes","Bikes","2015-01-09 00:00:00","2443.3500","61.0838","Australia","Springwood","2777"
"Mountain-200 Black, 38","Mountain Bikes","Bikes","2015-01-09 00:00:00","2294.9900","57.3748","Australia","Sydney","1002"
"Touring-2000 Blue, 50","Touring Bikes","Bikes","2015-01-09 00:00:00","1214.8500","30.3713","United States","Kirkland","98033"
"Touring-1000 Blue, 50","Touring Bikes","Bikes","2015-01-09 00:00:00","2384.0700","59.6018","United States","Yakima","98901"
"Road-750 Black, 48","Road Bikes","Bikes","2015-01-09 00:00:00","539.9900","13.4998","United States","Burbank","91502"
"Road-750 Black, 58","Road Bikes","Bikes","2015-01-09 00:00:00","539.9900","13.4998","Canada","Langley","V3A 4R2"
"Road-750 Black, 44","Road Bikes","Bikes","2015-01-09 00:00:00","539.9900","13.4998","United States","Los Angeles","90012"
"Road-550-W Yellow, 48","Road Bikes","Bikes","2015-01-09 00:00:00","1120.4900","28.0123","United States","San Diego","92102"
"Touring-1000 Yellow, 46","Touring Bikes","Bikes","2015-01-09 00:00:00","2384.0700","59.6018","Australia","Melton","3337"
"Road-750 Black, 48","Road Bikes","Bikes","2015-01-09 00:00:00","539.9900","13.4998","Australia","Coffs Harbour","2450"
"Road-250 Red, 58","Road Bikes","Bikes","2015-01-08 00:00:00","2443.3500","61.0838","Germany","Hamburg","20354"
"Mountain-200 Silver, 42","Mountain Bikes","Bikes","2015-01-08 00:00:00","2319.9900","57.9998","Germany","Bottrop","46236"
"Mountain-200 Silver, 46","Mountain Bikes","Bikes","2015-01-08 00:00:00","2319.9900","57.9998","Germany","Neunkirchen","66578"
"Mountain-200 Silver, 42","Mountain Bikes","Bikes","2015-01-08 00:00:00","2319.9900","57.9998","France","Versailles","78000"
"Mountain-200 Black, 38","Mountain Bikes","Bikes","2015-01-08 00:00:00","2294.9900","57.3748","United Kingdom","Warrington","WA1"
"Mountain-200 Black, 38","Mountain Bikes","Bikes","2015-01-08 00:00:00","2294.9900","57.3748","France","Versailles","78000"
"Mountain-200 Black, 42","Mountain Bikes","Bikes","2015-01-08 00:00:00","2294.9900","57.3748","United Kingdom","London","W1X3SE"
"Mountain-400-W Silver, 46","Mountain Bikes","Bikes","2015-01-08 00:00:00","769.4900","19.2373","United States","Concord","94519"
"Mountain-400-W Silver, 40","Mountain Bikes","Bikes","2015-01-08 00:00:00","769.4900","19.2373","United States","Bremerton","98312"
"Mountain-200 Black, 38","Mountain Bikes","Bikes","2015-01-08 00:00:00","2294.9900","57.3748","United States","West Covina","91791"
"Mountain-200 Silver, 46","Mountain Bikes","Bikes","2015-01-08 00:00:00","2319.9900","57.9998","United States","Concord","94519"
"Mountain-200 Black, 38","Mountain Bikes","Bikes","2015-01-08 00:00:00","2294.9900","57.3748","Canada","Newton","V2M1P1"
"Touring-3000 Blue, 54","Touring Bikes","Bikes","2015-01-08 00:00:00","742.3500","18.5588","Germany","Ingolstadt","85049"
"Touring-3000 Blue, 50","Touring Bikes","Bikes","2015-01-08 00:00:00","742.3500","18.5588","France","Dunkerque","59140"
"Touring-3000 Blue, 62","Touring Bikes","Bikes","2015-01-08 00:00:00","742.3500","18.5588","Germany","Saarbr?cken","66001"
"Touring-2000 Blue, 60","Touring Bikes","Bikes","2015-01-08 00:00:00","1214.8500","30.3713","Germany","M?nster","48001"
"Mountain-200 Silver, 42","Mountain Bikes","Bikes","2015-01-08 00:00:00","2319.9900","57.9998","Australia","Perth","6006"
"Touring-3000 Yellow, 58","Touring Bikes","Bikes","2015-01-08 00:00:00","742.3500","18.5588","United States","Walla Walla","99362"
"Touring-3000 Yellow, 50","Touring Bikes","Bikes","2015-01-08 00:00:00","742.3500","18.5588","United States","Chula Vista","91910"
"Touring-3000 Yellow, 58","Touring Bikes","Bikes","2015-01-08 00:00:00","742.3500","18.5588","United States","Bellflower","90706"
"Touring-1000 Blue, 60","Touring Bikes","Bikes","2015-01-08 00:00:00","2384.0700","59.6018","Canada","Cliffside","V8Y 1L1"
"Touring-1000 Yellow, 60","Touring Bikes","Bikes","2015-01-08 00:00:00","2384.0700","59.6018","United States","Lynnwood","98036"
"Touring-1000 Blue, 50","Touring Bikes","Bikes","2015-01-08 00:00:00","2384.0700","59.6018","Canada","Newton","V2M1N7"
"Road-550-W Yellow, 48","Road Bikes","Bikes","2015-01-08 00:00:00","1120.4900","28.0123","United States","Downey","90241"
"Road-350-W Yellow, 48","Road Bikes","Bikes","2015-01-08 00:00:00","1700.9900","42.5248","United States","Burien","98168"
"Road-750 Black, 44","Road Bikes","Bikes","2015-01-08 00:00:00","539.9900","13.4998","France","Morangis","91420"
"Road-750 Black, 58","Road Bikes","Bikes","2015-01-08 00:00:00","539.9900","13.4998","Germany","Duesseldorf","40434"
"Touring-1000 Yellow, 60","Touring Bikes","Bikes","2015-01-08 00:00:00","2384.0700","59.6018","Australia","Newcastle","2300"
"Road-750 Black, 48","Road Bikes","Bikes","2015-01-08 00:00:00","539.9900","13.4998","Australia","Seaford","3198"
"Road-350-W Yellow, 44","Road Bikes","Bikes","2015-01-07 00:00:00","1700.9900","42.5248","France","Roubaix","59100"
"Road-250 Black, 58","Road Bikes","Bikes","2015-01-07 00:00:00","2443.3500","61.0838","France","Colomiers","31770"
"Road-250 Black, 44","Road Bikes","Bikes","2015-01-07 00:00:00","2443.3500","61.0838","France","Roncq","59223"
"Mountain-200 Silver, 38","Mountain Bikes","Bikes","2015-01-07 00:00:00","2319.9900","57.9998","United Kingdom","Leeds","LE18"
"Road-250 Black, 52","Road Bikes","Bikes","2015-01-07 00:00:00","2443.3500","61.0838","United States","Marysville","98270"
"Mountain-200 Black, 42","Mountain Bikes","Bikes","2015-01-07 00:00:00","2294.9900","57.3748","United States","Burbank","91502"
"Mountain-200 Silver, 38","Mountain Bikes","Bikes","2015-01-07 00:00:00","2319.9900","57.9998","United States","West Covina","91791"
"Mountain-200 Silver, 46","Mountain Bikes","Bikes","2015-01-07 00:00:00","2319.9900","57.9998","Canada","Port Hammond","V6B 3P7"
"Mountain-200 Silver, 38","Mountain Bikes","Bikes","2015-01-07 00:00:00","2319.9900","57.9998","United States","Lebanon","97355"
"Touring-2000 Blue, 50","Touring Bikes","Bikes","2015-01-07 00:00:00","1214.8500","30.3713","United Kingdom","West Sussex","RH15 9UD"
"Road-250 Red, 58","Road Bikes","Bikes","2015-01-07 00:00:00","2443.3500","61.0838","Australia","Seaford","3198"
"Touring-3000 Blue, 54","Touring Bikes","Bikes","2015-01-07 00:00:00","742.3500","18.5588","United States","Burien","98168"
"Touring-1000 Blue, 60","Touring Bikes","Bikes","2015-01-07 00:00:00","2384.0700","59.6018","United States","Lynnwood","98036"
"Touring-1000 Blue, 50","Touring Bikes","Bikes","2015-01-07 00:00:00","2384.0700","59.6018","United States","Seattle","98104"
"Touring-1000 Yellow, 54","Touring Bikes","Bikes","2015-01-07 00:00:00","2384.0700","59.6018","United States","Burlingame","94010"
"Road-750 Black, 58","Road Bikes","Bikes","2015-01-07 00:00:00","539.9900","13.4998","Canada","N. Vancouver","V7L 4J4"
"Road-750 Black, 58","Road Bikes","Bikes","2015-01-07 00:00:00","539.9900","13.4998","United States","Chula Vista","91910"
"Road-750 Black, 58","Road Bikes","Bikes","2015-01-07 00:00:00","539.9900","13.4998","Canada","Burnaby","V3J 6Z3"
"Road-550-W Yellow, 40","Road Bikes","Bikes","2015-01-07 00:00:00","1120.4900","28.0123","United States","Bellingham","98225"
"Road-550-W Yellow, 42","Road Bikes","Bikes","2015-01-07 00:00:00","1120.4900","28.0123","United States","Burbank","91502"
"Road-550-W Yellow, 38","Road Bikes","Bikes","2015-01-07 00:00:00","1120.4900","28.0123","United States","Fremont","94536"
"Road-550-W Yellow, 42","Road Bikes","Bikes","2015-01-07 00:00:00","1120.4900","28.0123","United States","Imperial Beach","91932"
"Road-350-W Yellow, 44","Road Bikes","Bikes","2015-01-07 00:00:00","1700.9900","42.5248","Canada","Oak Bay","V8P"
"Road-750 Black, 44","Road Bikes","Bikes","2015-01-07 00:00:00","539.9900","13.4998","France","Drancy","93700"
"Touring-1000 Blue, 46","Touring Bikes","Bikes","2015-01-07 00:00:00","2384.0700","59.6018","Australia","South Melbourne","3205"
"Touring-1000 Yellow, 46","Touring Bikes","Bikes","2015-01-07 00:00:00","2384.0700","59.6018","Australia","Hervey Bay","4655"
"Touring-1000 Yellow, 46","Touring Bikes","Bikes","2015-01-07 00:00:00","2384.0700","59.6018","Australia","Hobart","7001"
"Touring-1000 Yellow, 60","Touring Bikes","Bikes","2015-01-07 00:00:00","2384.0700","59.6018","Australia","Wollongong","2500"
"Road-350-W Yellow, 48","Road Bikes","Bikes","2015-01-06 00:00:00","1700.9900","42.5248","Germany","Stuttgart","70511"
"Mountain-200 Black, 42","Mountain Bikes","Bikes","2015-01-06 00:00:00","2294.9900","57.3748","Germany","Erlangen","91054"
"Mountain-200 Silver, 46","Mountain Bikes","Bikes","2015-01-06 00:00:00","2319.9900","57.9998","United Kingdom","Newcastle upon Tyne","NT20"
"Mountain-200 Black, 42","Mountain Bikes","Bikes","2015-01-06 00:00:00","2294.9900","57.3748","United Kingdom","Kirkby","KB9"
"Mountain-200 Silver, 46","Mountain Bikes","Bikes","2015-01-06 00:00:00","2319.9900","57.9998","Canada","Victoria","V8V"
"Mountain-200 Silver, 42","Mountain Bikes","Bikes","2015-01-06 00:00:00","2319.9900","57.9998","United States","Daly City","94015"
"Touring-3000 Yellow, 44","Touring Bikes","Bikes","2015-01-06 00:00:00","742.3500","18.5588","United Kingdom","Warrington","WA1"
"Touring-1000 Yellow, 54","Touring Bikes","Bikes","2015-01-06 00:00:00","2384.0700","59.6018","France","Pantin","93500"
"Road-550-W Yellow, 44","Road Bikes","Bikes","2015-01-06 00:00:00","1120.4900","28.0123","Australia","Bendigo","3550"
"Road-550-W Yellow, 40","Road Bikes","Bikes","2015-01-06 00:00:00","1120.4900","28.0123","Australia","Findon","5023"
"Road-550-W Yellow, 42","Road Bikes","Bikes","2015-01-06 00:00:00","1120.4900","28.0123","Australia","Coffs Harbour","2450"
"Mountain-200 Silver, 38","Mountain Bikes","Bikes","2015-01-06 00:00:00","2319.9900","57.9998","Australia","Sydney","1002"
"Mountain-200 Silver, 38","Mountain Bikes","Bikes","2015-01-06 00:00:00","2319.9900","57.9998","Australia","Bendigo","3550"
"Touring-3000 Blue, 62","Touring Bikes","Bikes","2015-01-06 00:00:00","742.3500","18.5588","United States","Chula Vista","91910"
"Touring-1000 Yellow, 50","Touring Bikes","Bikes","2015-01-06 00:00:00","2384.0700","59.6018","United States","National City","91950"
"Road-750 Black, 48","Road Bikes","Bikes","2015-01-06 00:00:00","539.9900","13.4998","United States","Woodland Hills","91364"
"Road-550-W Yellow, 40","Road Bikes","Bikes","2015-01-06 00:00:00","1120.4900","28.0123","United Kingdom","Kirkby","KB9"
"Road-550-W Yellow, 40","Road Bikes","Bikes","2015-01-06 00:00:00","1120.4900","28.0123","Germany","Hamburg","20354"
"Road-750 Black, 52","Road Bikes","Bikes","2015-01-06 00:00:00","539.9900","13.4998","France","Orly","94310"
"Road-750 Black, 52","Road Bikes","Bikes","2015-01-06 00:00:00","539.9900","13.4998","United Kingdom","Oxford","OX1"
"Mountain-400-W Silver, 46","Mountain Bikes","Bikes","2015-01-06 00:00:00","769.4900","19.2373","Australia","Sydney","1002"
"Road-750 Black, 52","Road Bikes","Bikes","2015-01-06 00:00:00","539.9900","13.4998","Australia","Sunbury","3429"
"Mountain-400-W Silver, 42","Mountain Bikes","Bikes","2015-01-05 00:00:00","769.4900","19.2373","United Kingdom","York","Y024 1GF"
"Mountain-200 Silver, 42","Mountain Bikes","Bikes","2015-01-05 00:00:00","2319.9900","57.9998","United Kingdom","London","W10 6BL"
"Mountain-200 Black, 46","Mountain Bikes","Bikes","2015-01-05 00:00:00","2294.9900","57.3748","France","Saint Ouen","17490"
"Mountain-200 Black, 38","Mountain Bikes","Bikes","2015-01-05 00:00:00","2294.9900","57.3748","France","Tremblay-en-France","93290"
"Mountain-200 Black, 38","Mountain Bikes","Bikes","2015-01-05 00:00:00","2294.9900","57.3748","United Kingdom","Stoke-on-Trent","AS23"
"Mountain-200 Black, 46","Mountain Bikes","Bikes","2015-01-05 00:00:00","2294.9900","57.3748","United States","Beaverton","97005"
"Mountain-200 Silver, 46","Mountain Bikes","Bikes","2015-01-05 00:00:00","2319.9900","57.9998","United States","Yakima","98901"
"Mountain-200 Black, 46","Mountain Bikes","Bikes","2015-01-05 00:00:00","2294.9900","57.3748","Canada","Port Hammond","V6B 3P7"
"Road-350-W Yellow, 48","Road Bikes","Bikes","2015-01-05 00:00:00","1700.9900","42.5248","Australia","Brisbane","4000"
"Road-250 Black, 44","Road Bikes","Bikes","2015-01-05 00:00:00","2443.3500","61.0838","Australia","Port Macquarie","2444"
"Road-550-W Yellow, 44","Road Bikes","Bikes","2015-01-05 00:00:00","1120.4900","28.0123","Australia","Cloverdale","6105"
"Mountain-200 Silver, 46","Mountain Bikes","Bikes","2015-01-05 00:00:00","2319.9900","57.9998","Australia","North Sydney","2055"
"Touring-2000 Blue, 60","Touring Bikes","Bikes","2015-01-05 00:00:00","1214.8500","30.3713","Canada","Haney","V2W 1W2"
"Touring-2000 Blue, 50","Touring Bikes","Bikes","2015-01-05 00:00:00","1214.8500","30.3713","Canada","N. Vancouver","V7L 4J4"
"Touring-3000 Yellow, 54","Touring Bikes","Bikes","2015-01-05 00:00:00","742.3500","18.5588","United States","Lakewood","90712"
"Touring-2000 Blue, 50","Touring Bikes","Bikes","2015-01-05 00:00:00","1214.8500","30.3713","Canada","Langford","V9"
"Road-750 Black, 48","Road Bikes","Bikes","2015-01-05 00:00:00","539.9900","13.4998","Canada","Metchosin","V9"
"Road-750 Black, 52","Road Bikes","Bikes","2015-01-05 00:00:00","539.9900","13.4998","United States","Berkeley","94704"
"Road-750 Black, 52","Road Bikes","Bikes","2015-01-05 00:00:00","539.9900","13.4998","United States","Everett","98201"
"Road-750 Black, 44","Road Bikes","Bikes","2015-01-05 00:00:00","539.9900","13.4998","United States","Oakland","94611"
"Road-750 Black, 44","Road Bikes","Bikes","2015-01-05 00:00:00","539.9900","13.4998","United States","Yakima","98901"
"Road-750 Black, 44","Road Bikes","Bikes","2015-01-05 00:00:00","539.9900","13.4998","United States","Bremerton","98312"
"Road-350-W Yellow, 40","Road Bikes","Bikes","2015-01-05 00:00:00","1700.9900","42.5248","United States","Chula Vista","91910"
"Road-550-W Yellow, 42","Road Bikes","Bikes","2015-01-05 00:00:00","1120.4900","28.0123","United Kingdom","London","SE1 8HL"
"Mountain-400-W Silver, 46","Mountain Bikes","Bikes","2015-01-05 00:00:00","769.4900","19.2373","Australia","Lane Cove","1597"
"Road-250 Black, 58","Road Bikes","Bikes","2015-01-04 00:00:00","2443.3500","61.0838","Australia","Matraville","2036"
"Road-250 Red, 58","Road Bikes","Bikes","2015-01-04 00:00:00","2443.3500","61.0838","Australia","Milsons Point","2061"
"Mountain-500 Black, 42","Mountain Bikes","Bikes","2015-01-04 00:00:00","539.9900","13.4998","United Kingdom","West Sussex","RH15 9UD"
"Road-350-W Yellow, 42","Road Bikes","Bikes","2015-01-04 00:00:00","1700.9900","42.5248","Germany","Frankfurt","91480"
"Road-350-W Yellow, 40","Road Bikes","Bikes","2015-01-04 00:00:00","1700.9900","42.5248","United Kingdom","Milton Keynes","MK8 8ZD"
"Mountain-400-W Silver, 42","Mountain Bikes","Bikes","2015-01-04 00:00:00","769.4900","19.2373","Germany","Paderborn","33098"
"Mountain-200 Silver, 42","Mountain Bikes","Bikes","2015-01-04 00:00:00","2319.9900","57.9998","France","Lieusaint","77127"
"Mountain-200 Black, 46","Mountain Bikes","Bikes","2015-01-04 00:00:00","2294.9900","57.3748","France","Paris","75003"
"Mountain-500 Black, 44","Mountain Bikes","Bikes","2015-01-04 00:00:00","539.9900","13.4998","United States","Novato","94947"
"Mountain-200 Silver, 42","Mountain Bikes","Bikes","2015-01-04 00:00:00","2319.9900","57.9998","United States","San Carlos","94070"
"Touring-3000 Blue, 44","Touring Bikes","Bikes","2015-01-04 00:00:00","742.3500","18.5588","France","Colombes","92700"
"Touring-3000 Blue, 58","Touring Bikes","Bikes","2015-01-04 00:00:00","742.3500","18.5588","France","Lieusaint","77127"
"Touring-2000 Blue, 60","Touring Bikes","Bikes","2015-01-04 00:00:00","1214.8500","30.3713","France","Paris","75012"
"Touring-1000 Yellow, 50","Touring Bikes","Bikes","2015-01-04 00:00:00","2384.0700","59.6018","United Kingdom","Watford","WA3"
"Road-550-W Yellow, 48","Road Bikes","Bikes","2015-01-04 00:00:00","1120.4900","28.0123","Australia","Geelong","3220"
"Mountain-200 Black, 38","Mountain Bikes","Bikes","2015-01-04 00:00:00","2294.9900","57.3748","Australia","Coffs Harbour","2450"
"Mountain-200 Black, 38","Mountain Bikes","Bikes","2015-01-04 00:00:00","2294.9900","57.3748","Australia","Springwood","2777"
"Touring-3000 Yellow, 50","Touring Bikes","Bikes","2015-01-04 00:00:00","742.3500","18.5588","United States","Oakland","94611"
"Touring-1000 Yellow, 50","Touring Bikes","Bikes","2015-01-04 00:00:00","2384.0700","59.6018","Canada","Westminster","V3L 1H4"
"Road-750 Black, 44","Road Bikes","Bikes","2015-01-04 00:00:00","539.9900","13.4998","United States","Palo Alto","94303"
"Road-550-W Yellow, 44","Road Bikes","Bikes","2015-01-04 00:00:00","1120.4900","28.0123","Canada","Newton","V2L3W8"
"Road-550-W Yellow, 42","Road Bikes","Bikes","2015-01-04 00:00:00","1120.4900","28.0123","United States","Olympia","98501"
"Road-350-W Yellow, 40","Road Bikes","Bikes","2015-01-04 00:00:00","1700.9900","42.5248","United States","Daly City","94015"
"Road-550-W Yellow, 38","Road Bikes","Bikes","2015-01-04 00:00:00","1120.4900","28.0123","France","Paris","75002"
"Mountain-400-W Silver, 38","Mountain Bikes","Bikes","2015-01-04 00:00:00","769.4900","19.2373","Australia","Bendigo","3550"
"Road-250 Black, 52","Road Bikes","Bikes","2015-01-03 00:00:00","2443.3500","61.0838","France","Roubaix","59100"
"Mountain-200 Black, 46","Mountain Bikes","Bikes","2015-01-03 00:00:00","2294.9900","57.3748","Germany","Berlin","12311"
"Mountain-200 Black, 46","Mountain Bikes","Bikes","2015-01-03 00:00:00","2294.9900","57.3748","United Kingdom","Newcastle upon Tyne","NT20"
"Mountain-200 Black, 46","Mountain Bikes","Bikes","2015-01-03 00:00:00","2294.9900","57.3748","Germany","Ingolstadt","85049"
"Mountain-200 Silver, 46","Mountain Bikes","Bikes","2015-01-03 00:00:00","2319.9900","57.9998","United Kingdom","London","SW8 4BG"
"Mountain-200 Black, 42","Mountain Bikes","Bikes","2015-01-03 00:00:00","2294.9900","57.3748","United States","Colma","94014"
"Mountain-200 Black, 46","Mountain Bikes","Bikes","2015-01-03 00:00:00","2294.9900","57.3748","United States","National City","91950"
"Mountain-200 Black, 46","Mountain Bikes","Bikes","2015-01-03 00:00:00","2294.9900","57.3748","United States","National City","91950"
"Mountain-200 Black, 46","Mountain Bikes","Bikes","2015-01-03 00:00:00","2294.9900","57.3748","United States","National City","91950"
"Mountain-200 Black, 46","Mountain Bikes","Bikes","2015-01-03 00:00:00","2294.9900","57.3748","United States","Salem","97301"
"Mountain-200 Silver, 42","Mountain Bikes","Bikes","2015-01-03 00:00:00","2319.9900","57.9998","United States","Marysville","98270"
"Mountain-200 Silver, 46","Mountain Bikes","Bikes","2015-01-03 00:00:00","2319.9900","57.9998","Canada","Sooke","V0"
"Touring-1000 Blue, 46","Touring Bikes","Bikes","2015-01-03 00:00:00","2384.0700","59.6018","Germany","Saarbr?cken","66001"
"Road-550-W Yellow, 44","Road Bikes","Bikes","2015-01-03 00:00:00","1120.4900","28.0123","Australia","Bendigo","3550"
"Road-550-W Yellow, 42","Road Bikes","Bikes","2015-01-03 00:00:00","1120.4900","28.0123","Australia","Bendigo","3550"
"Road-550-W Yellow, 44","Road Bikes","Bikes","2015-01-03 00:00:00","1120.4900","28.0123","Australia","Cloverdale","6105"
"Mountain-200 Black, 46","Mountain Bikes","Bikes","2015-01-03 00:00:00","2294.9900","57.3748","Australia","Bendigo","3550"
"Touring-1000 Blue, 60","Touring Bikes","Bikes","2015-01-03 00:00:00","2384.0700","59.6018","Canada","Langford","V9"
"Touring-1000 Yellow, 54","Touring Bikes","Bikes","2015-01-03 00:00:00","2384.0700","59.6018","Canada","Port Hammond","V6B 3P7"
"Road-750 Black, 52","Road Bikes","Bikes","2015-01-03 00:00:00","539.9900","13.4998","Germany","Berlin","12171"
"Road-750 Black, 52","Road Bikes","Bikes","2015-01-03 00:00:00","539.9900","13.4998","Germany","Hof","95010"
"Touring-2000 Blue, 54","Touring Bikes","Bikes","2015-01-03 00:00:00","1214.8500","30.3713","Australia","Cloverdale","6105"
"Road-750 Black, 52","Road Bikes","Bikes","2015-01-03 00:00:00","539.9900","13.4998","Australia","Melton","3337"
"Road-750 Black, 52","Road Bikes","Bikes","2015-01-03 00:00:00","539.9900","13.4998","Australia","Rhodes","2138"
"Road-350-W Yellow, 48","Road Bikes","Bikes","2015-01-02 00:00:00","1700.9900","42.5248","Germany","Kiel","24044"
"Road-350-W Yellow, 40","Road Bikes","Bikes","2015-01-02 00:00:00","1700.9900","42.5248","Germany","Dresden","01071"
"Road-350-W Yellow, 40","Road Bikes","Bikes","2015-01-02 00:00:00","1700.9900","42.5248","Germany","Saarlouis","66740"
"Road-350-W Yellow, 48","Road Bikes","Bikes","2015-01-02 00:00:00","1700.9900","42.5248","United Kingdom","York","YO15"
"Road-250 Black, 52","Road Bikes","Bikes","2015-01-02 00:00:00","2443.3500","61.0838","Germany","Saarbr?cken","66001"
"Mountain-200 Black, 38","Mountain Bikes","Bikes","2015-01-02 00:00:00","2294.9900","57.3748","Germany","Kiel","24044"
"Mountain-400-W Silver, 46","Mountain Bikes","Bikes","2015-01-02 00:00:00","769.4900","19.2373","United States","Novato","94947"
"Mountain-400-W Silver, 38","Mountain Bikes","Bikes","2015-01-02 00:00:00","769.4900","19.2373","United States","Portland","97205"
"Mountain-200 Silver, 42","Mountain Bikes","Bikes","2015-01-02 00:00:00","2319.9900","57.9998","United States","Sedro Woolley","98284"
"Mountain-200 Silver, 42","Mountain Bikes","Bikes","2015-01-02 00:00:00","2319.9900","57.9998","United States","Lynnwood","98036"
"Mountain-200 Black, 38","Mountain Bikes","Bikes","2015-01-02 00:00:00","2294.9900","57.3748","United States","Marysville","98270"
"Road-550-W Yellow, 40","Road Bikes","Bikes","2015-01-02 00:00:00","1120.4900","28.0123","Australia","Silverwater","2264"
"Mountain-200 Black, 38","Mountain Bikes","Bikes","2015-01-02 00:00:00","2294.9900","57.3748","Australia","Rockhampton","4700"
"Touring-3000 Yellow, 54","Touring Bikes","Bikes","2015-01-02 00:00:00","742.3500","18.5588","United States","Berkeley","94704"
"Touring-1000 Yellow, 50","Touring Bikes","Bikes","2015-01-02 00:00:00","2384.0700","59.6018","United States","Grossmont","91941"
"Road-350-W Yellow, 44","Road Bikes","Bikes","2015-01-02 00:00:00","1700.9900","42.5248","United States","Imperial Beach","91932"
"Touring-1000 Yellow, 60","Touring Bikes","Bikes","2015-01-02 00:00:00","2384.0700","59.6018","France","Les Ulis","91940"
"Touring-1000 Blue, 54","Touring Bikes","Bikes","2015-01-02 00:00:00","2384.0700","59.6018","Australia","Port Macquarie","2444"
"Touring-1000 Blue, 60","Touring Bikes","Bikes","2015-01-02 00:00:00","2384.0700","59.6018","Australia","Geelong","3220"
"Touring-3000 Blue, 54","Touring Bikes","Bikes","2015-01-02 00:00:00","742.3500","18.5588","Australia","Hervey Bay","4655"
"Touring-1000 Yellow, 46","Touring Bikes","Bikes","2015-01-02 00:00:00","2384.0700","59.6018","Australia","South Melbourne","3205"
"Road-750 Black, 52","Road Bikes","Bikes","2015-01-02 00:00:00","539.9900","13.4998","Australia","Coffs Harbour","2450"
"Mountain-500 Silver, 48","Mountain Bikes","Bikes","2015-01-01 00:00:00","564.9900","14.1248","Germany","Paderborn","33098"
"Road-350-W Yellow, 40","Road Bikes","Bikes","2015-01-01 00:00:00","1700.9900","42.5248","United Kingdom","Esher-Molesey","EM15"
"Mountain-200 Black, 46","Mountain Bikes","Bikes","2015-01-01 00:00:00","2294.9900","57.3748","United Kingdom","Billericay","CM11"
"Road-250 Black, 52","Road Bikes","Bikes","2015-01-01 00:00:00","2443.3500","61.0838","United States","Salem","97301"
"Mountain-200 Black, 46","Mountain Bikes","Bikes","2015-01-01 00:00:00","2294.9900","57.3748","United States","Santa Cruz","95062"
"Touring-1000 Yellow, 54","Touring Bikes","Bikes","2015-01-01 00:00:00","2384.0700","59.6018","United Kingdom","Billericay","CM11"
"Touring-2000 Blue, 60","Touring Bikes","Bikes","2015-01-01 00:00:00","1214.8500","30.3713","United Kingdom","York","Y024 1GF"
"Road-350-W Yellow, 48","Road Bikes","Bikes","2015-01-01 00:00:00","1700.9900","42.5248","Australia","Cranbourne","3977"
"Road-350-W Yellow, 40","Road Bikes","Bikes","2015-01-01 00:00:00","1700.9900","42.5248","Australia","Brisbane","4000"
"Road-350-W Yellow, 44","Road Bikes","Bikes","2015-01-01 00:00:00","1700.9900","42.5248","Australia","Caloundra","4551"
"Road-250 Red, 58","Road Bikes","Bikes","2015-01-01 00:00:00","2443.3500","61.0838","Australia","Hervey Bay","4655"
"Mountain-200 Silver, 42","Mountain Bikes","Bikes","2015-01-01 00:00:00","2319.9900","57.9998","Australia","Port Macquarie","2444"
"Road-750 Black, 58","Road Bikes","Bikes","2015-01-01 00:00:00","539.9900","13.4998","Germany","Hannover","30601"
"Road-750 Black, 52","Road Bikes","Bikes","2015-01-01 00:00:00","539.9900","13.4998","France","Paris","75016"
"Touring-3000 Blue, 58","Touring Bikes","Bikes","2015-01-01 00:00:00","742.3500","18.5588","Australia","Wollongong","2500"
